# Blender 5.1.0
# www.blender.org

o Meshy_AI_Crimson_Horned_Minstr_0327150154_texture
v 0.182119 -0.468661 -0.434612
v -0.078724 -0.468225 -0.436409
v 0.140494 -0.484651 -0.391521
v 0.173645 -0.494327 -0.390396
v 0.216213 -0.458803 -0.384089
v -0.018829 -0.459640 -0.311814
v 0.130466 -0.472782 -0.382495
v 0.131724 -0.471424 -0.382420
v 0.130119 -0.469893 -0.383252
v 0.131251 -0.469312 -0.383206
v 0.130232 -0.471268 -0.382714
v 0.129596 -0.466233 -0.381296
v 0.126536 -0.465134 -0.378791
v 0.126300 -0.463412 -0.379264
v 0.127808 -0.463638 -0.378639
v 0.126221 -0.462102 -0.379476
v 0.126743 -0.459147 -0.378360
v 0.244974 -0.498816 -0.236208
v 0.124141 -0.461464 -0.376782
v 0.127380 -0.461587 -0.378588
v 0.125778 -0.459481 -0.376465
v 0.124270 -0.459311 -0.376865
v 0.125413 -0.457413 -0.377155
v -0.151974 -0.440535 -0.352275
v 0.124345 -0.462608 -0.375345
v 0.255521 -0.389794 -0.245573
v 0.169020 -0.445860 -0.353483
v 0.148933 -0.440812 -0.349140
v 0.189997 -0.423189 -0.350847
v 0.189461 -0.421945 -0.351753
v 0.158452 -0.448292 -0.347103
v 0.163980 -0.447119 -0.351550
v 0.154045 -0.425662 -0.342567
v 0.149430 -0.424295 -0.341457
v 0.144707 -0.424648 -0.339391
v 0.149195 -0.422428 -0.341986
v 0.150698 -0.422213 -0.341319
v 0.149832 -0.420859 -0.342139
v 0.131350 -0.425905 -0.338932
v 0.143265 -0.422137 -0.340463
v 0.143909 -0.420986 -0.340439
v 0.145241 -0.420903 -0.339806
v 0.146701 -0.420540 -0.339127
v 0.145696 -0.422596 -0.338611
v 0.139438 -0.420145 -0.338305
v 0.140177 -0.419035 -0.338150
v 0.141113 -0.420348 -0.337055
v -0.152595 -0.395569 -0.326753
v -0.144360 -0.393266 -0.326253
v -0.145029 -0.394938 -0.322951
v -0.152758 -0.396946 -0.325862
v -0.151380 -0.395239 -0.326534
v -0.150739 -0.389932 -0.323296
v -0.149388 -0.391331 -0.322851
v -0.149371 -0.389701 -0.323433
v -0.582899 -0.185682 -0.070034
v 0.319057 0.233569 -0.167580
v -0.317048 0.370600 0.004852
v 0.355984 -0.457472 -0.270198
v 0.374901 -0.466860 -0.241377
v 0.196773 -0.408264 -0.262908
v 0.193851 -0.402728 -0.266277
v 0.193607 -0.401669 -0.265366
v -0.049076 0.614953 -0.264614
v -0.075632 0.634767 -0.253024
v 0.192884 -0.402854 -0.264885
v -0.050137 0.614850 -0.263525
v -0.047872 0.614355 -0.263729
v -0.039247 0.607645 -0.256119
v -0.102120 0.704907 -0.243693
v 0.197849 -0.406744 -0.260676
v 0.199236 -0.408669 -0.257767
v 0.196514 -0.406905 -0.258865
v 0.199842 -0.407269 -0.258112
v -0.012524 0.609806 -0.242257
v -0.055194 0.609345 -0.249438
v -0.016604 0.572097 -0.240519
v -0.044102 0.579803 -0.242661
v -0.062752 0.593120 -0.249337
v -0.063100 0.594253 -0.249631
v -0.004273 0.597840 -0.241907
v 0.055968 0.641627 -0.220442
v -0.047129 0.676128 -0.247464
v -0.047002 0.674858 -0.248646
v -0.063071 0.592557 -0.248484
v -0.031229 0.606251 -0.247541
v -0.056264 0.573018 -0.238930
v 0.008247 0.649793 -0.236009
v 0.026889 0.789699 -0.215040
v -0.064282 0.566721 -0.234975
v -0.166382 0.784492 -0.206685
v -0.054073 0.794563 -0.224635
v -0.103045 0.567653 -0.223478
v 0.020398 0.662785 -0.237288
v 0.028541 0.663456 -0.238646
v 0.024069 0.670525 -0.236017
v -0.011727 0.557624 -0.224041
v -0.051918 0.591217 -0.235398
v -0.098180 0.660848 -0.236474
v -0.098160 0.660804 -0.236894
v -0.097039 0.661265 -0.236977
v 0.009008 0.702974 -0.236886
v -0.061860 0.755373 -0.237906
v -0.060842 0.755037 -0.237546
v -0.058733 0.547952 -0.221360
v -0.055024 0.569795 -0.232443
v 0.021392 0.584132 -0.232103
v -0.147862 0.645644 -0.231907
v 0.064344 0.692226 -0.223581
v 0.088620 -0.065624 -0.185753
v -0.071549 0.552747 -0.215198
v -0.052714 0.591784 -0.232539
v -0.070807 0.522053 -0.221384
v -0.146388 0.532502 -0.190236
v -0.134960 0.569439 -0.227719
v -0.122986 0.574524 -0.230260
v 0.013588 0.591580 -0.228507
v -0.080623 0.538930 -0.219852
v -0.121874 0.574471 -0.229365
v -0.120430 0.574395 -0.228647
v -0.162739 0.589836 -0.217896
v -0.092137 0.838562 -0.200288
v -0.074724 -0.061949 -0.224153
v -0.073475 -0.061273 -0.224980
v -0.024112 0.518037 -0.222035
v -0.078024 0.555831 -0.218097
v 0.043889 0.686844 -0.224336
v 0.044468 0.687569 -0.225159
v -0.074796 -0.063349 -0.223574
v -0.146443 0.669318 -0.222509
v -0.196045 0.712936 -0.211719
v 0.043438 0.691197 -0.222503
v 0.043248 0.693083 -0.222809
v 0.264319 -0.244195 -0.210668
v -0.143269 0.584067 -0.220520
v -0.142461 0.584450 -0.221316
v -0.142467 0.585586 -0.221176
v -0.146732 0.668912 -0.221255
v -0.146666 0.670268 -0.221299
v -0.146155 0.668994 -0.220189
v -0.146174 0.670197 -0.220184
v -0.146334 0.671535 -0.220286
v -0.155558 0.556612 -0.197950
v -0.174528 0.684394 -0.217329
v -0.172744 0.684406 -0.217378
v 0.080654 0.756279 -0.170022
v -0.115483 0.798983 -0.217683
v -0.114909 0.800388 -0.217343
v 0.233050 -0.478348 -0.157902
v -0.150544 0.589061 -0.215030
v -0.173658 0.684665 -0.216213
v -0.115049 0.799847 -0.216138
v 0.262902 -0.247697 -0.213169
v 0.263992 -0.248709 -0.212971
v 0.263700 -0.246879 -0.213558
v -0.149965 0.588842 -0.212464
v 0.282407 0.480519 0.030343
v -0.052132 0.512589 -0.212155
v -0.036805 0.526579 -0.211491
v -0.037499 0.527675 -0.211423
v -0.071132 0.808236 -0.211415
v -0.234257 -0.428165 0.000106
v -0.033260 0.523980 -0.209705
v -0.037317 0.526850 -0.210450
v -0.033101 0.525203 -0.208618
v -0.080062 0.535526 -0.208982
v -0.079834 0.536872 -0.209014
v -0.072435 0.808331 -0.208804
v -0.033412 0.524068 -0.208471
v -0.079563 0.535255 -0.207670
v 0.239069 -0.161192 -0.185979
v -0.133377 0.500637 -0.166209
v -0.083463 0.522682 -0.193039
v -0.090288 0.500465 -0.184877
v 0.288918 -0.296930 -0.176113
v 0.282630 -0.332209 -0.179968
v -0.121018 0.518209 -0.175541
v 0.240071 -0.163807 -0.184486
v 0.038870 0.067694 -0.190324
v 0.038142 0.068649 -0.190986
v 0.039989 0.068671 -0.191122
v -0.025428 0.105127 -0.161379
v 0.024028 0.076239 -0.193295
v -0.073330 0.498840 -0.188683
v 0.148933 0.215209 -0.017007
v -0.073076 0.501063 -0.187965
v 0.235547 -0.160501 -0.185674
v -0.049071 -0.000705 -0.185436
v -0.048420 0.000620 -0.184983
v -0.073485 0.502368 -0.184998
v -0.066609 0.858341 -0.186034
v -0.065641 0.859284 -0.185871
v -0.096133 0.883246 -0.157275
v 0.236670 -0.161231 -0.184826
v 0.235387 -0.156604 -0.185075
v 0.235546 -0.159045 -0.186031
v 0.231690 -0.152547 -0.184232
v 0.232774 -0.153287 -0.183735
v 0.232652 -0.151121 -0.184580
v -0.355757 0.028638 -0.085023
v -0.047906 -0.001592 -0.184425
v 0.071495 0.677644 -0.182936
v -0.066352 0.858702 -0.184917
v 0.224859 -0.134887 -0.178137
v 0.076560 0.669347 -0.180232
v 0.117436 0.706072 -0.164731
v 0.077653 0.694423 -0.181871
v 0.078837 0.694950 -0.182076
v 0.198095 -0.125621 -0.180191
v 0.199292 -0.124734 -0.180538
v 0.196116 -0.124217 -0.180164
v 0.198366 -0.123737 -0.180725
v 0.201424 -0.120590 -0.179941
v -0.221676 0.555447 -0.158728
v 0.072078 0.672138 -0.180929
v 0.078879 0.694236 -0.180941
v 0.280601 -0.346916 -0.177326
v 0.281613 -0.346569 -0.178174
v 0.282434 -0.333253 -0.177580
v 0.283479 -0.332928 -0.178226
v 0.286085 -0.290368 -0.178066
v 0.287305 -0.289998 -0.178563
v 0.208404 -0.127251 -0.176460
v 0.196690 -0.125566 -0.179472
v 0.195043 -0.121551 -0.176439
v -0.203926 0.592602 -0.174810
v -0.218727 0.654310 -0.181439
v 0.242608 -0.463041 -0.167454
v 0.280808 -0.348246 -0.176808
v 0.282974 -0.334608 -0.177190
v 0.286181 -0.294555 -0.177471
v 0.286495 -0.291646 -0.177625
v 0.209550 -0.127389 -0.176376
v 0.211553 -0.127543 -0.176540
v 0.211622 -0.125995 -0.177094
v -0.200087 0.589621 -0.173917
v -0.035105 0.891807 -0.130534
v 0.240236 -0.461134 -0.174847
v 0.240838 -0.458982 -0.174264
v -0.253803 0.547349 -0.093530
v -0.241333 0.599993 -0.164419
v -0.210744 0.671262 -0.171550
v -0.211779 0.672688 -0.172795
v 0.089422 0.678664 -0.174572
v 0.090643 0.678592 -0.174651
v 0.093083 0.680039 -0.172946
v 0.045302 0.803953 -0.170964
v 0.029981 0.815579 -0.174008
v 0.029013 0.817979 -0.173650
v 0.239657 -0.461533 -0.172424
v 0.239384 -0.459598 -0.171089
v 0.240437 -0.459489 -0.172704
v 0.240716 -0.457595 -0.172805
v -0.123153 0.522986 -0.171866
v 0.090645 0.678646 -0.173291
v 0.089455 0.679218 -0.173264
v 0.239157 -0.461021 -0.171238
v 0.240471 -0.456360 -0.171318
v 0.238950 -0.455137 -0.169828
v 0.239549 -0.453673 -0.169965
v 0.239632 -0.449733 -0.170320
v -0.123369 0.522760 -0.171171
v -0.202447 0.624032 -0.170028
v -0.201576 0.624516 -0.169925
v 0.046142 0.805332 -0.169591
v -0.135560 0.867300 -0.153989
v -0.012111 -0.937115 -0.158599
v 0.241976 -0.456886 -0.168004
v 0.240925 -0.455436 -0.168758
v 0.242572 -0.449823 -0.168191
v -0.274347 0.694706 -0.126723
v -0.231191 0.747437 -0.163117
v -0.190571 0.852025 -0.136086
v 0.241035 -0.462242 -0.167312
v 0.244751 -0.459493 -0.166597
v 0.243299 -0.457818 -0.167119
v 0.244757 -0.454332 -0.165570
v 0.241358 -0.449188 -0.165071
v -0.303182 -0.391843 -0.261782
v 0.044594 0.842464 -0.136969
v 0.060208 0.784390 -0.164063
v -0.127585 0.858307 -0.164785
v -0.126371 0.858414 -0.164487
v -0.156847 0.507754 -0.161480
v 0.060352 0.783774 -0.162773
v 0.059997 0.785337 -0.163090
v -0.127662 0.858312 -0.163283
v -0.034048 0.294533 -0.138443
v -0.193275 0.545968 -0.160254
v -0.193174 0.547233 -0.160280
v -0.193482 0.548696 -0.160142
v -0.245305 0.718102 -0.159787
v -0.245444 0.719346 -0.160033
v 0.060638 0.784141 -0.161476
v 0.060197 0.785190 -0.161450
v -0.062479 0.870063 -0.160446
v -0.156196 0.507748 -0.160508
v -0.155545 0.508783 -0.160244
v -0.185426 0.520281 -0.145251
v -0.193111 0.545977 -0.159044
v -0.193400 0.548622 -0.159007
v -0.244750 0.716920 -0.159368
v -0.062179 0.870566 -0.159325
v -0.193263 0.546101 -0.157548
v -0.193355 0.547275 -0.157109
v -0.193498 0.548693 -0.157011
v -0.193331 0.548523 -0.155102
v -0.006137 0.863008 -0.151046
v -0.123129 0.882878 -0.151434
v -0.082806 0.383731 -0.093834
v -0.237843 0.553699 -0.147925
v -0.218434 0.555021 -0.133916
v -0.220888 0.789079 -0.148586
v -0.217515 0.788114 -0.148682
v -0.003394 0.862535 -0.150590
v -0.124507 0.885495 -0.149418
v -0.123479 0.884456 -0.150394
v -0.275092 0.622702 -0.131956
v 0.153146 0.745151 -0.139133
v -0.201207 0.542821 -0.146520
v -0.200150 0.541767 -0.146446
v -0.199299 0.542692 -0.145506
v 0.128319 0.686380 -0.146611
v 0.129806 0.686490 -0.146481
v 0.131143 0.686724 -0.146263
v 0.128324 0.687711 -0.146714
v 0.129707 0.687546 -0.146578
v 0.128479 0.689049 -0.146618
v 0.140040 0.763588 -0.143619
v 0.150921 0.763960 -0.111303
v -0.024143 0.276996 -0.143407
v -0.200953 0.539654 -0.146450
v -0.201755 0.541347 -0.145551
v -0.234972 0.567740 -0.135706
v 0.138882 0.763203 -0.143381
v 0.200290 -0.355629 -0.023896
v -0.027582 0.277143 -0.142408
v 0.138415 0.763763 -0.136542
v -0.116198 0.891656 -0.134964
v -0.262896 0.012678 -0.094520
v -0.029311 0.278625 -0.139805
v -0.028438 0.278242 -0.141371
v -0.029534 0.279820 -0.140283
v 0.145845 0.695146 -0.123469
v 0.126157 0.730480 -0.140497
v -0.236319 0.756757 -0.140897
v 0.126594 0.729723 -0.138561
v -0.236394 0.756676 -0.139609
v -0.236440 0.758086 -0.139454
v -0.236237 0.756707 -0.138168
v -0.268834 0.750704 -0.098531
v -0.236763 0.757974 -0.137430
v 0.022299 0.861685 -0.136368
v 0.023228 0.860808 -0.136248
v -0.242617 0.556733 -0.120655
v 0.160679 0.643212 -0.103240
v -0.126998 0.881529 -0.130794
v -0.127103 0.882641 -0.131053
v 0.017935 0.936904 -0.011323
v -0.127288 0.882990 -0.129574
v -0.088924 0.297217 -0.104604
v -0.261841 0.574851 -0.104810
v -0.287139 0.725418 -0.024697
v -0.246179 0.806461 -0.055889
v 0.038370 -0.445085 -0.144940
v -0.231638 0.562528 -0.116668
v -0.289985 0.595025 -0.080345
v -0.276365 0.728184 -0.116702
v -0.275534 0.728660 -0.117410
v 0.084438 0.846686 -0.117782
v -0.090448 0.896822 -0.117205
v -0.089382 0.897238 -0.116567
v -0.089357 0.898412 -0.117176
v -0.230287 0.561976 -0.112773
v 0.175694 0.676424 -0.088115
v -0.276470 0.728192 -0.115515
v 0.085053 0.848813 -0.114844
v -0.233017 0.555610 -0.114119
v -0.232330 0.557611 -0.113497
v -0.231974 0.556611 -0.113426
v -0.231355 0.559063 -0.113959
v 0.156957 0.688419 -0.109231
v -0.231294 0.555355 -0.112328
v -0.232616 0.558936 -0.112619
v -0.107878 0.213524 -0.103673
v 0.160161 0.692944 -0.096094
v 0.176319 0.366598 0.009665
v 0.153259 0.664368 -0.090250
v -0.345155 0.016885 -0.088492
v -0.269075 0.045059 -0.101938
v -0.268429 0.048053 -0.103535
v -0.267716 0.049614 -0.103866
v -0.170055 0.189564 -0.078243
v -0.266328 0.049708 -0.103963
v -0.263300 0.050297 -0.103079
v -0.264033 0.053738 -0.100652
v -0.262418 0.053819 -0.101730
v -0.254389 0.058742 -0.101791
v -0.262729 0.055796 -0.101783
v -0.284805 0.637808 -0.096105
v 0.150009 0.686764 -0.092893
v -0.263963 0.055090 -0.100705
v -0.260541 0.055813 -0.101935
v -0.261953 0.056976 -0.102270
v -0.260023 0.059885 -0.098548
v -0.258919 0.059390 -0.099343
v -0.258665 0.061505 -0.099878
v -0.259824 0.064811 -0.099894
v -0.302550 0.636524 -0.062329
v -0.286326 0.631875 -0.099964
v -0.285979 0.633088 -0.100215
v -0.283569 0.641370 -0.099789
v -0.283437 0.642169 -0.098278
v -0.283703 0.642892 -0.099776
v 0.043262 -0.860305 -0.097422
v 0.043097 -0.859042 -0.096827
v -0.324510 0.080316 -0.076207
v -0.244107 0.062818 -0.096422
v -0.260089 0.061370 -0.098583
v -0.259980 0.063484 -0.099263
v -0.258416 0.063765 -0.099903
v -0.287066 0.631758 -0.099181
v 0.165738 0.622340 -0.065705
v 0.156697 0.711147 -0.098036
v 0.155643 0.712587 -0.097940
v 0.043561 -0.858294 -0.096032
v -0.116727 0.235029 -0.077064
v -0.225876 0.055722 -0.082940
v -0.278829 0.096931 -0.092402
v 0.031526 0.889579 -0.092690
v 0.030862 0.890329 -0.092589
v 0.030967 0.890167 -0.091479
v -0.297621 0.000192 0.072850
v 0.151931 0.682744 -0.087722
v 0.152298 0.685094 -0.087864
v 0.160040 0.676764 -0.076196
v -0.125052 0.256228 -0.083764
v -0.123995 0.256463 -0.084724
v 0.166136 0.684337 -0.080318
v -0.124741 0.254697 -0.083452
v 0.150924 0.678535 -0.072457
v -0.252516 0.770110 -0.082208
v -0.251301 0.770446 -0.081866
v -0.251278 0.771799 -0.081932
v -0.338852 0.067835 -0.063625
v -0.140501 0.236531 -0.077874
v -0.147268 0.393191 0.147141
v -0.142263 0.233192 -0.077048
v -0.143317 0.235738 -0.076227
v -0.143832 0.238963 -0.076029
v -0.144747 0.240164 -0.076002
v -0.141706 0.241838 -0.076348
v -0.139994 0.240992 -0.076413
v -0.140090 0.243064 -0.076405
v -0.142965 0.244603 -0.076275
v -0.141350 0.244520 -0.076331
v -0.140106 0.244130 -0.076298
v 0.141608 0.662447 -0.062519
v -0.365528 0.023933 -0.065031
v -0.322198 0.094972 -0.060640
v -0.143439 0.233253 -0.075538
v -0.140706 0.236812 -0.075408
v -0.143667 0.240883 -0.075830
v -0.143176 0.243019 -0.076002
v -0.243541 0.796050 -0.077274
v -0.244522 0.797837 -0.075584
v -0.260241 0.141715 -0.002885
v -0.265809 0.627033 -0.035540
v -0.342982 0.060855 -0.061879
v -0.278304 0.597634 -0.049117
v 0.127285 -0.929511 0.032989
v -0.353936 0.066453 -0.051922
v 0.148903 0.663959 -0.058091
v 0.123161 0.735221 -0.031714
v -0.265542 0.587922 -0.065590
v -0.263672 0.588719 -0.065361
v -0.265253 0.588797 -0.064905
v 0.138345 0.635503 -0.062828
v 0.138125 0.636851 -0.063566
v 0.138165 0.633914 -0.060574
v 0.138134 0.634906 -0.061448
v 0.128596 0.670648 -0.040388
v 0.138415 0.634904 -0.059664
v -0.346889 0.064671 -0.054819
v -0.346874 0.065419 -0.055772
v 0.110648 0.650768 -0.028893
v -0.363864 0.046259 -0.043032
v -0.347327 0.064662 -0.053506
v -0.276888 0.599094 -0.011900
v -0.361444 0.060712 -0.029947
v 0.128429 0.624034 -0.036066
v 0.133293 0.637051 -0.028328
v 0.102912 0.651455 -0.040269
v -0.216952 0.842461 -0.039479
v -0.216867 0.843847 -0.039360
v 0.124498 0.621617 -0.035457
v -0.216706 0.842032 -0.037355
v -0.216844 0.841824 -0.037878
v -0.216786 0.843862 -0.038004
v -0.294363 0.644019 0.012089
v 0.118681 0.822250 -0.041469
v -0.223008 0.845796 -0.025025
v 0.123721 0.552075 0.040049
v -0.284206 0.669836 -0.027039
v 0.094298 0.630695 -0.019116
v -0.284635 0.668428 -0.026282
v -0.167120 0.207596 -0.001166
v 0.102870 0.631785 -0.006983
v 0.092029 0.665342 0.003745
v 0.102773 0.683304 -0.015942
v 0.103060 0.685575 -0.015809
v 0.174839 0.479343 -0.016487
v 0.176462 0.479603 -0.016638
v 0.175458 0.480707 -0.016282
v 0.112779 0.660626 -0.012028
v 0.116816 0.702518 -0.012008
v -0.259839 0.012123 0.001978
v 0.119903 0.677760 0.002318
v 0.112874 0.658359 -0.010843
v 0.113550 0.661728 -0.011429
v 0.116708 0.702287 -0.010888
v 0.117707 0.702314 -0.010770
v 0.080195 0.579659 0.062874
v 0.087546 0.643952 0.014596
v 0.032448 0.650698 0.009057
v 0.004109 0.671747 0.007752
v -0.261862 0.014385 0.001681
v -0.260598 0.012634 0.002770
v -0.261185 0.014163 0.002571
v 0.104400 0.717259 0.012180
v -0.227518 0.823175 0.005351
v -0.227606 0.824646 0.004847
v 0.013619 0.723819 0.032649
v 0.009862 0.689243 0.013914
v -0.227570 0.822303 0.006784
v 0.083842 0.613284 0.026738
v 0.026298 0.677658 0.035409
v -0.278426 0.613425 0.023963
v -0.282802 0.585233 0.030151
v 0.048799 0.489992 0.167183
v -0.278414 0.595339 0.035344
v 0.033828 0.716812 0.042803
v 0.046596 -0.948241 0.061749
v 0.067068 0.745753 0.020513
v 0.078686 0.740144 0.031477
v 0.006783 0.687583 0.027564
v -0.289366 0.823506 0.129515
v 0.010894 0.684989 0.026345
v 0.031367 0.695781 0.036869
v 0.170849 0.093423 0.138838
v 0.007895 0.687320 0.026943
v 0.057053 0.712004 0.035736
v 0.069029 0.741883 0.031081
v 0.076283 0.736076 0.030274
v -0.237650 0.784237 0.060356
v -0.278560 0.602571 0.029049
v -0.278519 0.603968 0.028417
v 0.007229 0.685617 0.028401
v 0.006491 0.689181 0.028923
v -0.278642 0.601762 0.030413
v 0.058480 0.669837 0.030875
v 0.057436 0.750536 0.037626
v 0.337314 0.442232 0.214922
v -0.288050 0.578036 0.043635
v 0.055224 0.687309 0.045256
v 0.039125 0.704408 0.034804
v 0.038127 0.704481 0.034717
v 0.039984 0.704176 0.035985
v 0.062113 0.604776 0.038481
v 0.063450 0.668205 0.049657
v 0.057972 0.670770 0.045661
v -0.282484 0.612070 0.051317
v 0.061735 0.604347 0.039608
v 0.063533 0.604436 0.039571
v 0.095197 0.817223 0.048505
v -0.282549 0.624497 0.070894
v -0.267983 0.596334 0.062758
v 0.026380 0.742171 0.048545
v 0.040793 0.758778 0.049159
v 0.030385 -0.947615 0.046813
v 0.035184 -0.947798 0.052074
v 0.031545 -0.947847 0.048517
v 0.032726 -0.947745 0.048969
v -0.286438 0.630060 0.050421
v 0.032037 0.740525 0.051305
v 0.046099 0.764852 0.050710
v -0.191772 0.886580 0.137165
v -0.135439 -0.596216 0.189633
v -0.286761 0.628064 0.052639
v -0.286647 0.629627 0.051685
v -0.287271 0.630740 0.051799
v -0.303663 0.667015 0.051916
v -0.302953 0.667738 0.051490
v -0.286636 0.629166 0.052958
v -0.286621 0.630574 0.053116
v -0.304010 0.665740 0.052240
v 0.045607 0.775551 0.055510
v 0.042976 0.779235 0.056220
v 0.038789 -0.947819 0.055231
v 0.039193 -0.947907 0.056296
v 0.040684 -0.947844 0.056867
v 0.040673 0.762681 0.059597
v 0.039563 0.769941 0.062948
v 0.040863 0.770789 0.062329
v 0.044270 0.783350 0.057518
v 0.044600 0.784893 0.058336
v 0.040056 0.785356 0.109873
v 0.048067 -0.948137 0.063003
v 0.044589 0.783914 0.059662
v 0.040369 0.762615 0.061387
v 0.040989 0.763793 0.061383
v 0.045026 0.785015 0.081522
v 0.048780 -0.947971 0.063950
v 0.050028 -0.947837 0.064370
v -0.231928 0.157827 0.096473
v 0.027653 0.862551 0.123531
v -0.279598 0.594718 0.069345
v -0.279921 0.595956 0.069272
v -0.273999 0.600569 0.069284
v -0.272936 0.600753 0.070164
v -0.280503 0.595722 0.071186
v -0.274125 0.600665 0.070578
v -0.259360 0.612578 0.082453
v -0.254837 0.678863 0.088594
v -0.265190 0.730467 0.073164
v -0.266556 0.730875 0.075467
v -0.264572 0.730671 0.074597
v -0.094056 0.637262 0.120116
v -0.247720 0.658895 0.092161
v -0.226932 0.736400 0.115661
v -0.241354 0.159414 0.080292
v -0.249095 0.712299 0.079645
v -0.246298 0.713404 0.081485
v -0.248267 0.717153 0.081015
v -0.242199 0.158135 0.080855
v -0.240312 0.159823 0.080484
v -0.127938 0.712466 0.101666
v -0.136128 0.693679 0.100322
v -0.224623 0.607843 0.121470
v -0.013116 0.682457 0.174768
v -0.240021 0.686362 0.085379
v 0.394145 0.632840 0.126306
v -0.238116 0.678964 0.087484
v -0.240188 0.681662 0.090484
v -0.240310 0.685773 0.086603
v -0.204963 0.146984 0.314255
v -0.238355 0.678739 0.088608
v -0.238407 0.679996 0.088380
v -0.237751 0.683036 0.089189
v -0.240353 0.685940 0.088729
v -0.239989 0.687179 0.088076
v 0.424471 0.575416 0.140117
v -0.237552 0.680313 0.092253
v -0.239922 0.685045 0.091848
v 0.237438 0.143872 0.092551
v -0.229937 0.624775 0.096664
v 0.236626 0.143895 0.093448
v -0.251274 0.609110 0.103759
v -0.240233 0.680681 0.094683
v -0.240319 0.681858 0.094770
v -0.085704 -0.870780 0.165285
v -0.216637 0.149073 0.135905
v 0.236051 0.143649 0.094629
v -0.240064 0.680996 0.095765
v -0.145080 0.678139 0.100154
v -0.133554 0.747446 0.117909
v -0.242743 0.644570 0.107260
v -0.252688 0.619921 0.104030
v -0.251957 0.631404 0.108174
v -0.246953 0.629461 0.109557
v -0.203737 0.770408 0.102968
v -0.038117 -0.392703 0.252187
v -0.250856 0.623658 0.104503
v -0.228839 0.641679 0.116212
v -0.208202 0.647229 0.110302
v -0.241702 0.657762 0.112779
v -0.215113 0.702005 0.104713
v -0.206595 0.745188 0.105017
v -0.202711 0.770639 0.103662
v -0.203705 0.770909 0.103921
v 0.086294 0.888778 0.127034
v -0.196417 0.617672 0.110448
v -0.201668 0.633303 0.106937
v -0.200715 0.633938 0.107107
v -0.201755 0.634807 0.107099
v -0.201730 0.637103 0.107006
v -0.200507 0.637422 0.107135
v -0.230442 0.669746 0.118810
v -0.120833 0.628205 0.137096
v -0.196559 0.668582 0.124775
v -0.137369 0.674926 0.116533
v -0.226484 0.711525 0.114211
v -0.147399 0.708356 0.110810
v -0.206730 0.745258 0.106158
v -0.206847 0.746830 0.106091
v -0.213241 0.756995 0.110366
v -0.154641 0.806662 0.129238
v -0.153992 0.615801 0.134922
v -0.203442 0.635738 0.107339
v -0.185663 0.633317 0.108407
v -0.185600 0.634703 0.108669
v -0.200415 0.639126 0.107410
v -0.205995 0.731080 0.109720
v -0.174480 0.710704 0.121436
v 0.058875 0.874726 0.116497
v -0.214428 0.621337 0.120222
v -0.185912 0.633500 0.109990
v -0.142281 0.622208 0.120439
v -0.213563 0.717500 0.112908
v -0.223984 0.688238 0.112820
v -0.223243 0.689633 0.111978
v -0.122219 0.687784 0.114013
v -0.187830 0.710058 0.113090
v -0.186647 0.709356 0.112712
v -0.186583 0.710631 0.112914
v -0.342461 0.457382 0.197196
v -0.155585 0.585423 0.141273
v 0.372795 0.629521 0.115499
v 0.374297 0.640023 0.125209
v -0.188095 0.679850 0.116127
v -0.224755 0.688179 0.113560
v -0.139841 0.688094 0.119868
v -0.219022 0.702105 0.117221
v -0.198684 0.701133 0.125628
v -0.184135 0.710984 0.114156
v -0.183310 0.712504 0.115179
v -0.189800 0.683950 0.118673
v -0.224739 0.697493 0.118496
v -0.183580 0.711291 0.115474
v -0.001794 -0.916704 0.172552
v -0.179085 -0.143273 0.252922
v -0.231583 0.700571 0.119287
v 0.364013 0.629083 0.129880
v -0.167003 0.652151 0.133068
v -0.226970 0.705723 0.124605
v -0.230985 0.699781 0.119801
v -0.231883 0.701840 0.119847
v -0.135679 0.698159 0.127247
v -0.136693 0.686793 0.121152
v 0.055773 0.759922 0.176665
v 0.350073 0.615106 0.131689
v 0.353970 0.626944 0.132082
v -0.009563 0.788196 0.170788
v -0.172277 0.693105 0.134056
v -0.016819 0.864772 0.156338
v 0.347681 0.622898 0.145104
v -0.171571 0.693996 0.133857
v -0.170035 0.694234 0.133760
v -0.202304 0.211566 0.188574
v 0.428814 0.572847 0.149599
v 0.424896 0.543835 0.154912
v -0.042537 0.862186 0.165233
v -0.244006 -0.154896 0.242749
v 0.412524 0.539368 0.159591
v 0.416517 0.554084 0.162566
v 0.415354 0.583746 0.152638
v 0.402685 0.602329 0.159793
v 0.130982 0.053138 0.153284
v 0.364088 0.573354 0.166017
v 0.152384 -0.032675 0.172972
v 0.280733 0.485024 0.213312
v 0.305333 0.583854 0.164618
v 0.306365 0.594161 0.156224
v -0.212584 0.821325 0.173117
v 0.132570 0.036758 0.157784
v 0.132051 0.037716 0.157367
v 0.133139 0.037738 0.157637
v 0.315812 0.596710 0.163248
v -0.027565 0.843927 0.161482
v 0.105211 0.039395 0.170165
v -0.209221 0.824873 0.161898
v 0.114485 -0.030238 0.160984
v 0.114865 -0.028264 0.161293
v 0.115422 -0.027055 0.161664
v 0.126857 0.038670 0.161948
v 0.126735 0.039868 0.161902
v 0.127772 0.040147 0.161179
v 0.394595 0.529322 0.163603
v 0.397669 0.540958 0.172101
v 0.050445 0.750767 0.166647
v -0.209018 0.823835 0.162538
v -0.024794 0.848027 0.160472
v 0.114715 -0.026611 0.162464
v 0.126227 0.040154 0.162727
v 0.381258 0.568242 0.163500
v 0.383328 0.568555 0.163821
v 0.015672 0.718618 0.165091
v -0.209437 0.823194 0.163564
v -0.025967 0.847118 0.161308
v -0.026979 0.848048 0.162017
v 0.376186 0.570712 0.175730
v -0.016255 0.746752 0.182748
v 0.055777 -0.095259 0.167810
v 0.060742 -0.011068 0.169322
v 0.396738 0.530548 0.176422
v 0.357785 0.540638 0.184670
v 0.370501 0.558415 0.172932
v 0.029964 0.716871 0.167082
v 0.046537 0.746301 0.170514
v -0.002113 0.729480 0.174369
v 0.015696 0.726683 0.168253
v 0.015336 0.728933 0.168827
v 0.021984 0.749101 0.173084
v 0.022477 0.726594 0.167249
v 0.023615 0.728959 0.167480
v 0.007462 0.733210 0.172637
v 0.024266 0.730651 0.167727
v 0.025604 0.731382 0.167911
v 0.033379 0.733267 0.167385
v 0.033183 0.739332 0.168701
v -0.062126 0.844269 0.170915
v 0.057472 -0.094926 0.168542
v 0.057144 -0.089528 0.170336
v 0.051037 0.129426 0.208544
v 0.341373 0.566523 0.187441
v 0.023127 0.728353 0.168504
v 0.014780 0.725036 0.168726
v 0.015490 0.727705 0.168987
v 0.023183 0.727422 0.167415
v 0.014265 0.729451 0.169532
v 0.026431 0.732408 0.168373
v 0.032222 0.741738 0.169805
v 0.032850 0.742841 0.170426
v 0.033159 0.744703 0.170523
v 0.379338 0.520373 0.172200
v 0.344462 0.580044 0.171007
v 0.346322 0.580477 0.171494
v 0.045673 0.770014 0.176176
v 0.060632 -0.099652 0.166526
v 0.336012 0.581624 0.185344
v 0.042240 0.759068 0.174931
v -0.061506 0.841602 0.173190
v -0.061680 0.842752 0.172096
v 0.067904 0.023635 0.175593
v 0.374320 0.532569 0.183159
v 0.357012 0.556164 0.185207
v 0.329158 0.573729 0.179907
v 0.357240 0.581326 0.176787
v 0.005407 0.742844 0.178962
v -0.036197 0.734779 0.187707
v 0.003255 0.755506 0.183485
v 0.042988 0.765089 0.179030
v -0.060811 0.842303 0.173751
v 0.068727 0.024081 0.176994
v 0.378289 0.519496 0.186710
v 0.013061 0.779149 0.193176
v 0.349849 0.560490 0.185327
v -0.030964 0.747051 0.186930
v 0.033978 0.770342 0.181133
v 0.356620 0.537697 0.202931
v 0.366124 0.552694 0.183357
v -0.001759 0.745391 0.182210
v -0.000744 0.744677 0.181759
v -0.004228 0.767185 0.190082
v -0.212444 0.824544 0.180035
v -0.211852 0.824071 0.180701
v 0.338966 0.546086 0.187692
v 0.366286 0.552950 0.183166
v 0.367930 0.553329 0.182241
v 0.368309 0.554366 0.182409
v 0.343609 0.577694 0.185769
v -0.002821 0.745321 0.182629
v -0.211103 0.824797 0.181522
v 0.345740 0.534582 0.190334
v 0.355124 0.551351 0.185396
v 0.346421 0.557165 0.188314
v 0.338727 0.571374 0.186971
v -0.079499 0.714044 0.188836
v -0.022381 0.758361 0.195986
v -0.100361 0.755248 0.212483
v 0.302080 0.565454 0.194781
v 0.360605 0.549603 0.186080
v 0.340430 0.572539 0.186895
v 0.331912 0.554408 0.192376
v 0.332531 0.566191 0.189253
v 0.338856 0.571779 0.188025
v -0.060818 0.729819 0.189446
v -0.057237 0.730494 0.189869
v -0.056485 0.732435 0.189885
v -0.009530 0.749213 0.188636
v -0.035251 0.755458 0.195150
v -0.023083 0.755487 0.197998
v 0.338301 0.551494 0.190584
v 0.339243 0.551997 0.190743
v 0.341869 0.554415 0.189900
v 0.332473 0.559221 0.191576
v 0.315001 0.557405 0.195399
v 0.332860 0.563979 0.192146
v 0.319171 0.568683 0.193308
v 0.337898 0.570962 0.188796
v -0.079400 0.712354 0.193948
v -0.065850 0.727620 0.190927
v -0.057739 0.734709 0.191481
v -0.055722 0.735307 0.191633
v -0.051458 0.744597 0.195495
v 0.330686 0.530229 0.197513
v 0.339819 0.553424 0.191059
v 0.340784 0.554070 0.190478
v 0.333537 0.560976 0.191837
v -0.098412 0.743929 0.203936
v -0.079510 0.723316 0.193511
v -0.053984 0.754439 0.198175
v 0.313778 0.538603 0.201137
v -0.082464 0.723275 0.195328
v -0.080765 0.723361 0.194365
v -0.079169 0.724455 0.194337
v -0.089375 0.734848 0.202982
v -0.055688 0.737817 0.193374
v -0.075132 0.732972 0.196349
v -0.078402 0.727542 0.195878
v -0.077314 0.731408 0.196862
v -0.075464 0.735537 0.197600
v -0.080497 0.743384 0.200959
v -0.067291 0.754710 0.202354
v 0.317639 0.532983 0.208492
v 0.296245 0.546329 0.198229
v 0.298315 0.545918 0.197957
v 0.297312 0.546691 0.198131
v -0.097375 0.747339 0.212724
v -0.075801 0.733762 0.197192
v -0.016544 -0.843715 0.201868
v -0.108811 0.078768 0.214978
v 0.296167 0.538090 0.200732
v 0.297534 0.537830 0.201020
v 0.299512 0.537804 0.201449
v 0.301471 0.537989 0.201698
v 0.296007 0.539521 0.201038
v 0.297656 0.539616 0.201462
v 0.299505 0.539133 0.201683
v 0.297091 0.540738 0.201717
v -0.073102 0.752261 0.204033
v -0.052457 0.755650 0.199716
v -0.053476 0.755914 0.199720
v -0.053405 0.757815 0.200683
v -0.052809 0.760003 0.201368
v -0.058569 0.761109 0.203474
v -0.051428 0.766105 0.202575
v -0.050348 0.771875 0.204083
v -0.016057 -0.844923 0.202041
v -0.017606 -0.842668 0.202119
v 0.315333 0.520739 0.202278
v 0.317233 0.518499 0.203193
v 0.318497 0.518688 0.203876
v 0.318589 0.519843 0.203669
v 0.276482 0.541309 0.211760
v -0.059534 0.752171 0.202161
v -0.087022 0.763324 0.210276
v -0.054572 0.758710 0.201546
v -0.237648 0.365301 0.290497
v 0.306126 0.512788 0.206275
v 0.302802 0.513810 0.205419
v 0.313127 0.520160 0.204045
v 0.299956 0.522564 0.204448
v 0.301262 0.521922 0.204235
v 0.301408 0.523218 0.204705
v -0.048830 0.766523 0.203501
v -0.075470 -0.914275 0.356361
v 0.031559 0.007100 0.217960
v 0.298396 0.518978 0.206857
v 0.299171 0.517890 0.206406
v 0.301413 0.519840 0.205964
v 0.299459 0.519895 0.207158
v 0.282661 0.530539 0.206412
v 0.283015 0.531953 0.207127
v 0.280025 0.534024 0.206446
v 0.280105 0.535572 0.206885
v -0.076060 0.757405 0.206597
v -0.074855 0.757067 0.206017
v -0.075607 0.760722 0.207364
v -0.073298 0.765280 0.209136
v 0.296177 0.512921 0.208649
v 0.297375 0.512499 0.208473
v 0.297295 0.514278 0.209176
v -0.076237 0.758532 0.207353
v -0.063081 0.772678 0.213421
v -0.076258 0.759857 0.207719
v -0.075114 0.761951 0.208029
v 0.300187 0.506259 0.210100
v 0.299848 0.508745 0.210545
v 0.271210 0.520856 0.209966
v 0.275618 0.529643 0.211931
v -0.075768 0.761173 0.208295
v -0.125769 0.033876 0.218476
v 0.274001 0.529589 0.212292
v -0.133840 -0.000331 0.242265
v 0.262416 0.519884 0.216919
v -0.031639 0.055820 0.218024
v -0.031434 0.057346 0.218458
v -0.127313 0.032860 0.220005
v -0.126282 0.032071 0.219575
v -0.126263 0.034291 0.220307
v -0.031496 0.055936 0.219100
v 0.177911 0.387099 0.256570
v -0.154218 -0.104110 0.240738
v -0.030298 0.053394 0.228505
v 0.190198 0.471369 0.242433
v 0.253815 0.512479 0.219825
v 0.254347 0.513686 0.219906
v 0.255886 0.514277 0.219746
v -0.118410 -0.949526 0.232244
v -0.117614 -0.949691 0.231493
v -0.063781 0.232108 0.301381
v -0.119511 -0.949768 0.235396
v 0.132935 0.411036 0.265106
v 0.171155 0.414293 0.255425
v 0.176025 0.415362 0.258031
v -0.139468 -0.109772 0.254742
v -0.083891 0.283741 0.318626
v 0.172920 0.411109 0.255240
v 0.174129 0.411360 0.255492
v 0.174221 0.412523 0.255713
v -0.139550 -0.109072 0.255969
v -0.137695 -0.109254 0.256341
v 0.146914 0.391393 0.265723
v 0.154782 0.406229 0.261529
v 0.128453 0.429235 0.264534
v 0.128920 0.429253 0.263348
v 0.042054 0.358492 0.279837
v 0.104523 0.413080 0.273683
v 0.127084 0.428445 0.264630
v 0.112445 0.412738 0.266179
v 0.111468 0.385745 0.276235
v 0.094039 0.341090 0.288037
v 0.120906 0.361013 0.275247
v 0.125751 0.377438 0.272469
v 0.127807 0.377757 0.272870
v 0.133823 0.379013 0.274885
v 0.125915 0.379188 0.272835
v 0.127274 0.378804 0.273226
v 0.061645 0.328784 0.282445
v 0.119594 0.368428 0.274282
v 0.114268 0.375341 0.274674
v 0.116223 0.375679 0.274712
v 0.118203 0.375754 0.274922
v 0.106677 0.376297 0.275188
v 0.108589 0.383411 0.275079
v 0.110013 0.383744 0.275131
v 0.116030 0.363816 0.276396
v 0.116127 0.365625 0.276741
v 0.118107 0.366039 0.277299
v 0.120391 0.367826 0.278756
v 0.113011 0.369218 0.275308
v 0.124401 0.372080 0.276843
v 0.111275 0.374952 0.277474
v 0.119623 0.372751 0.277266
v 0.100259 0.379316 0.276424
v 0.098632 0.381174 0.276428
v 0.100657 0.381317 0.276601
v 0.102526 0.381322 0.277220
v 0.107332 0.381097 0.276684
v 0.060269 0.329211 0.283280
v 0.113488 0.365486 0.278250
v 0.108355 0.370960 0.278140
v 0.104133 0.373415 0.277986
v 0.119329 0.377337 0.276292
v 0.091911 0.372406 0.281048
v 0.085934 0.381774 0.277814
v 0.087237 0.398841 0.278998
v 0.054903 0.377491 0.286150
v 0.096517 0.363822 0.280378
v 0.096467 0.365332 0.280690
v 0.113792 0.366030 0.280527
v 0.084398 0.373831 0.282963
v 0.086073 0.398256 0.279464
v 0.088259 0.399861 0.278716
v 0.051584 0.329636 0.283367
v 0.052283 0.333651 0.283439
v 0.034039 0.326325 0.289166
v 0.051005 0.340756 0.282852
v 0.051418 0.336347 0.283378
v 0.052228 0.335568 0.283409
v 0.047680 0.353154 0.283807
v 0.095787 0.364181 0.284260
v 0.114996 0.366671 0.280388
v 0.109948 0.375603 0.279975
v 0.075732 0.378205 0.283158
v 0.076818 0.377581 0.282837
v 0.077021 0.378959 0.283455
v 0.062412 0.324769 0.284959
v 0.048430 0.328972 0.285506
v 0.080481 0.357811 0.288208
v 0.113020 0.364541 0.281945
v 0.085248 0.369571 0.285216
v 0.090446 0.372899 0.283711
v 0.091241 0.373461 0.284044
v 0.092219 0.374096 0.283525
v 0.049824 0.341454 0.283871
v 0.024553 0.301362 0.297667
v 0.084368 0.369000 0.285441
v 0.085910 0.370456 0.284930
v 0.017991 0.317021 0.296466
v 0.082534 0.368117 0.287228
v 0.083799 0.368811 0.286714
v 0.084500 0.369860 0.286445
v 0.003647 0.289695 0.302439
v -0.104321 0.259748 0.334500
v -0.048036 0.283248 0.314954
v -0.026836 0.246738 0.318207
v -0.070217 0.277053 0.319562
v -0.052920 0.262339 0.320714
v -0.046594 0.247057 0.321669
v -0.083870 0.221267 0.335157
v -0.071536 0.251611 0.329992
v -0.086302 0.189947 0.343098
v -0.085221 0.239417 0.326629
v -0.082765 0.246405 0.326727
v -0.086935 0.257091 0.328093
v -0.043488 0.288907 0.342645
v -0.090920 0.229400 0.329701
v -0.106659 0.247844 0.328741
v -0.112314 0.258356 0.329472
v -0.110224 0.258774 0.329655
v -0.088168 0.238301 0.331402
v -0.102756 0.244598 0.336586
v -0.097062 0.254382 0.331813
v -0.014859 0.318410 0.337066
v -0.097920 0.253682 0.332691
v -0.096129 0.254633 0.332220
v -0.101141 0.236718 0.374442
v -0.010195 0.325802 0.358831
v -0.023762 0.241372 0.374011
v -0.058768 0.321177 0.374944
v -0.028156 0.284292 0.389862
v -0.133634 0.328748 0.412462
v -0.009032 0.269152 0.386283
v -0.007942 0.312697 0.404495
v -0.030800 0.257004 0.368234
v -0.031593 0.257346 0.369420
v -0.030489 0.257597 0.369599
v -0.042091 0.317912 0.412715
v -0.013079 0.299310 0.390475
v -0.020377 0.300127 0.391465
v -0.018340 0.299887 0.391369
v -0.020106 0.300583 0.393169
v -0.020663 0.301348 0.395196
v -0.018719 0.300878 0.396993
v -0.020192 0.301389 0.397401
v 0.125029 -0.461829 -0.376243
v 0.150666 -0.423663 -0.340638
v 0.197393 -0.405265 -0.259292
v 0.092092 0.679825 -0.174553
v 0.242961 -0.459532 -0.166813
v -0.028624 0.279364 -0.141596
v -0.143331 0.233143 -0.076785
v -0.240097 0.687095 0.086828
v 0.057717 -0.096025 0.168336
v 0.069115 0.022506 0.176291
v 0.333513 0.559713 0.191632
v 0.313008 0.521867 0.203588
v 0.281146 0.534257 0.206867
v 0.124629 0.378469 0.272634
v 0.109012 0.384872 0.275323
vn 0.8234 0.5003 0.2679
vn -0.1596 -0.7152 -0.6804
vn 0.2180 -0.4044 -0.8882
vn 0.8524 -0.0286 -0.5222
vn 0.6884 0.4818 0.5421
vn 0.3805 -0.9034 0.1979
vn 0.0512 -0.9924 -0.1120
vn 0.1807 -0.1134 -0.9770
vn 0.2170 -0.0785 -0.9730
vn 0.9823 -0.1436 -0.1203
vn -0.2120 0.0748 0.9744
vn 0.9340 0.3026 0.1901
vn -0.8097 0.4744 -0.3455
vn 0.5809 0.7395 0.3401
vn 0.9543 0.2690 -0.1304
vn -0.6525 -0.3665 -0.6632
vn 0.5809 0.7396 0.3400
vn 0.5347 0.0288 0.8446
vn -0.3487 0.2035 0.9149
vn 0.5219 0.7749 0.3565
vn -0.5496 -0.0297 0.8349
vn -0.5496 -0.0301 0.8349
vn 0.9594 0.2592 -0.1109
vn -0.6637 0.5534 -0.5032
vn 0.5225 0.7748 0.3559
vn 0.8631 0.4980 -0.0845
vn 0.7413 0.2765 -0.6115
vn 0.5225 0.7749 0.3557
vn 0.7975 0.5963 -0.0920
vn -0.9367 0.3481 -0.0374
vn -0.6381 -0.7544 -0.1536
vn -0.9271 0.1322 -0.3507
vn -0.3452 0.8900 -0.2978
vn 0.3133 0.5813 -0.7509
vn 0.6440 -0.7452 -0.1730
vn 0.4156 -0.1256 -0.9008
vn -0.2202 -0.6298 -0.7449
vn -0.8161 -0.3547 -0.4563
vn 0.8714 -0.2035 -0.4463
vn -0.3899 -0.8519 0.3497
vn 0.1833 -0.8580 0.4798
vn 0.1768 -0.2159 0.9603
vn -0.5602 -0.8124 -0.1617
vn 0.8298 -0.4885 0.2698
vn -0.8879 0.0131 -0.4599
vn 0.3181 0.5397 -0.7794
vn -0.0408 0.2120 -0.9764
vn 0.2362 -0.4004 0.8854
vn -0.7881 -0.4397 -0.4307
vn 0.1003 -0.2099 -0.9726
vn 0.5119 0.3575 0.7812
vn 0.4961 -0.2965 -0.8161
vn -0.5592 -0.8200 -0.1222
vn 0.6020 -0.4366 0.6685
vn -0.5588 0.0513 0.8277
vn -0.4225 0.2563 0.8694
vn -0.3037 0.1421 0.9421
vn 0.0235 -0.9918 0.1253
vn -0.4895 -0.5990 -0.6337
vn 0.6080 -0.3796 -0.6974
vn 0.5039 0.8528 0.1369
vn -0.4450 0.7543 -0.4828
vn 0.8964 -0.0195 0.4428
vn 0.2903 0.9418 0.1695
vn -0.0426 0.9990 -0.0151
vn -0.5065 -0.4096 -0.7587
vn 0.5866 -0.2599 0.7671
vn 0.3310 0.9276 0.1734
vn -0.4025 -0.1912 0.8952
vn -0.8204 -0.3516 0.4508
vn 0.7156 0.5893 -0.3749
vn -0.0014 0.1745 -0.9847
vn 0.5569 -0.2606 -0.7886
vn -0.0834 -0.9057 0.4157
vn -0.9410 0.2625 -0.2135
vn 0.2897 -0.5439 -0.7876
vn -0.2253 -0.0014 -0.9743
vn -0.1773 0.0978 0.9793
vn 0.9872 -0.0962 -0.1275
vn 0.2932 -0.5016 -0.8139
vn 0.5922 0.1360 -0.7942
vn -0.5003 -0.4548 -0.7368
vn -0.0376 -0.3357 -0.9412
vn -0.1930 -0.1661 -0.9670
vn 0.5705 -0.7747 0.2726
vn 0.5708 -0.8155 -0.0962
vn 0.3053 -0.7091 -0.6356
vn 0.5864 -0.5812 -0.5642
vn 0.1366 -0.9246 0.3556
vn 0.8136 -0.4973 -0.3013
vn 0.4498 0.7405 -0.4993
vn -0.4605 0.8717 0.1678
vn -0.8015 0.2730 -0.5321
vn -0.2295 -0.9223 -0.3109
vn -0.0524 -0.3436 -0.9377
vn -0.5647 -0.7255 -0.3935
vn -0.3112 -0.2659 -0.9124
vn 0.2480 -0.3559 0.9010
vn -0.2723 -0.4883 -0.8291
vn 0.2159 -0.0784 -0.9733
vn -0.1097 -0.0171 -0.9938
vn 0.8602 -0.1067 0.4988
vn -0.8759 -0.4650 0.1284
vn -0.9348 -0.1922 -0.2987
vn 0.5675 0.7888 0.2359
vn -0.1294 -0.9470 -0.2941
vn 0.7851 -0.2765 0.5542
vn 0.7889 -0.5490 0.2761
vn -0.7924 -0.5945 0.1363
vn 0.2805 0.0188 -0.9597
vn 0.2847 0.0593 -0.9568
vn -0.4785 0.5976 0.6433
vn -0.4924 -0.2609 -0.8303
vn 0.0086 -0.4458 -0.8951
vn -0.0073 -0.4860 -0.8739
vn -0.8692 0.0791 -0.4882
vn 0.8974 0.2331 0.3747
vn 0.9567 0.2546 0.1409
vn 0.7340 0.3643 0.5732
vn -0.9841 -0.0577 0.1681
vn -0.9794 0.1111 -0.1687
vn 0.2953 -0.4868 -0.8221
vn 0.3147 0.0721 -0.9465
vn -0.1472 0.1163 -0.9823
vn 0.0407 0.4137 -0.9095
vn -0.4316 0.3981 -0.8095
vn 0.4648 0.0598 -0.8834
vn 0.6075 0.0539 -0.7925
vn -0.2707 -0.6674 -0.6938
vn -0.0000 -0.0000 -0.0000
vn -0.3835 -0.0355 -0.9229
vn 0.1038 -0.4088 0.9067
vn -0.9660 -0.0916 0.2417
vn 0.1169 -0.2996 -0.9469
vn 0.1993 -0.9495 -0.2424
vn 0.2274 0.0511 -0.9725
vn 0.7193 0.3924 0.5733
vn -0.9428 -0.2423 -0.2288
vn 0.6997 0.3644 0.6145
vn 0.4119 0.4534 -0.7904
vn -0.1632 -0.1007 0.9814
vn -0.0725 -0.0641 -0.9953
vn -0.2669 -0.1100 -0.9574
vn -0.2548 0.5011 0.8271
vn 0.1798 -0.6404 -0.7467
vn -0.2822 -0.3936 -0.8749
vn 0.1555 -0.7945 -0.5871
vn -0.0422 -0.5385 -0.8416
vn -0.3325 -0.6055 -0.7231
vn 0.0543 -0.9909 -0.1229
vn -0.4906 0.3587 0.7941
vn 0.4546 0.6231 -0.6365
vn -0.4809 0.1611 0.8619
vn -0.2675 -0.9596 -0.0872
vn -0.1305 -0.7381 0.6619
vn -0.5917 -0.2895 -0.7524
vn 0.7248 0.1607 -0.6699
vn 0.6188 -0.5044 -0.6022
vn 0.9792 -0.2028 -0.0043
vn 0.9032 -0.2633 0.3390
vn 0.3872 0.3353 0.8589
vn -0.0965 -0.9953 -0.0101
vn -0.2745 -0.5752 -0.7706
vn -0.9194 -0.3590 0.1605
vn -0.4473 -0.4408 -0.7782
vn -0.6362 0.2158 0.7408
vn 0.6447 0.5361 -0.5450
vn 0.9489 0.3120 0.0473
vn -0.8892 0.3960 -0.2292
vn 0.4205 -0.8910 -0.1710
vn 0.6165 0.4430 -0.6509
vn -0.5489 -0.3735 -0.7478
vn -0.7188 0.0813 -0.6905
vn -0.4834 0.1052 -0.8691
vn 0.3673 0.7087 0.6024
vn 0.3360 -0.6941 0.6366
vn -0.2118 -0.6997 -0.6823
vn -0.7515 0.1145 0.6497
vn -0.7625 0.1959 0.6167
vn 0.7976 -0.3009 -0.5227
vn 0.9139 0.0789 -0.3982
vn 0.8962 0.0326 -0.4424
vn -0.5733 0.0757 -0.8159
vn -0.1693 0.4258 -0.8888
vn -0.1355 -0.4875 -0.8626
vn -0.6724 -0.4195 -0.6099
vn 0.4001 0.6801 -0.6144
vn -0.9739 -0.0706 -0.2158
vn -0.4758 0.3966 -0.7851
vn -0.5744 0.7058 -0.4146
vn 0.0216 0.3399 -0.9402
vn -0.0127 0.9739 -0.2266
vn -0.2222 0.2775 -0.9347
vn -0.3012 -0.8240 0.4799
vn 0.8498 0.0780 0.5214
vn 0.9290 -0.3659 -0.0563
vn -0.2154 0.4031 -0.8894
vn 0.9966 0.0780 0.0267
vn 0.9568 0.2905 -0.0122
vn 0.9491 0.1968 0.2459
vn 0.1280 0.3214 0.9383
vn 0.9560 0.0144 0.2932
vn -0.0612 -0.6382 -0.7675
vn -0.7450 -0.2829 -0.6041
vn 0.5612 -0.3370 0.7560
vn -0.2245 0.5907 0.7750
vn 0.8204 0.5026 0.2727
vn -0.6375 -0.0758 -0.7667
vn 0.1716 -0.9495 0.2625
vn -0.0913 0.6401 -0.7628
vn -0.5996 0.6395 0.4812
vn -0.9600 0.2450 -0.1357
vn 0.5801 -0.7355 -0.3500
vn -0.7479 -0.6060 -0.2709
vn -0.3422 -0.5655 -0.7504
vn 0.8870 0.2284 -0.4013
vn 0.7277 -0.6623 -0.1785
vn 0.9105 -0.1633 -0.3800
vn -0.1610 -0.9867 0.0245
vn 0.8523 0.4978 -0.1603
vn -0.1023 -0.7731 0.6259
vn 0.4589 0.1684 0.8724
vn -0.7378 0.3290 -0.5894
vn -0.0744 -0.8444 -0.5306
vn -0.7736 0.5987 -0.2076
vn -0.2922 -0.6595 -0.6926
vn 0.8074 0.4774 -0.3467
vn -0.3894 -0.9201 -0.0422
vn 0.9849 -0.0941 0.1452
vn 0.0519 0.5954 0.8018
vn -0.0816 0.9809 0.1764
vn 0.0477 0.9778 0.2042
vn 0.1447 0.9007 0.4096
vn 0.3267 0.3926 0.8597
vn 0.8802 0.4495 0.1522
vn -0.6282 0.5144 0.5837
vn -0.3111 -0.5393 -0.7825
vn 0.4720 0.2752 0.8375
vn -0.1327 -0.4611 -0.8773
vn 0.1973 0.8275 -0.5257
vn 0.1424 -0.0951 -0.9852
vn -0.0824 0.8135 -0.5756
vn 0.4402 0.1642 -0.8827
vn 0.6468 0.7283 -0.2264
vn 0.8927 0.4206 -0.1620
vn 0.8019 0.4534 0.3891
vn -0.5010 0.2058 0.8406
vn 0.6338 0.0568 0.7714
vn 0.8271 0.3626 0.4295
vn 0.1021 -0.6909 0.7157
vn 0.1125 -0.0785 -0.9905
vn -0.3788 -0.7344 -0.5631
vn -0.2975 -0.8158 0.4959
vn -0.6682 -0.6208 -0.4101
vn -0.6338 0.0475 0.7720
vn 0.0560 0.7258 -0.6856
vn -0.6895 0.7205 -0.0743
vn -0.3842 0.3773 -0.8426
vn -0.4037 -0.2015 -0.8924
vn 0.8308 0.4917 0.2608
vn 0.7059 0.7064 0.0518
vn 0.7857 0.4272 0.4474
vn 0.7344 0.2542 0.6293
vn -0.1837 0.3483 0.9192
vn -0.1023 -0.2598 0.9602
vn -0.5625 -0.5968 -0.5722
vn 0.1476 -0.9405 0.3062
vn 0.1460 -0.9422 0.3015
vn 0.1455 -0.9456 0.2910
vn 0.6427 0.3093 0.7009
vn -0.2706 0.8103 0.5198
vn 0.6258 0.7711 -0.1171
vn 0.4806 0.7131 0.5104
vn 0.0603 0.9922 -0.1089
vn 0.5459 0.1125 -0.8303
vn 0.6224 -0.3222 -0.7133
vn 0.4133 -0.2852 -0.8648
vn 0.3214 -0.2744 -0.9063
vn -0.4758 -0.6441 0.5990
vn -0.5804 0.7312 0.3583
vn -0.1445 0.9521 0.2694
vn 0.4624 -0.8866 -0.0104
vn -0.7825 -0.5798 0.2268
vn 0.6742 -0.7259 0.1361
vn -0.0860 -0.2602 -0.9617
vn 0.4039 0.8320 0.3802
vn 0.0191 0.3297 0.9439
vn -0.2796 0.7769 0.5641
vn 0.0989 0.0109 0.9950
vn 0.0847 -0.8933 0.4415
vn -0.0193 -0.8502 0.5260
vn 0.7852 -0.1809 -0.5922
vn 0.7679 -0.4189 -0.4847
vn 0.5143 0.3795 0.7690
vn 0.5450 0.2355 -0.8047
vn -0.6416 0.2699 0.7180
vn -0.3910 -0.3951 -0.8313
vn -0.1834 0.9753 -0.1231
vn 0.8622 -0.0959 -0.4974
vn 0.1048 -0.3425 0.9336
vn 0.9536 0.1621 -0.2536
vn -0.1185 -0.3576 -0.9263
vn -0.1662 0.9850 0.0470
vn -0.8460 0.0676 0.5288
vn 0.1171 -0.9772 0.1769
vn 0.4333 -0.3542 0.8287
vn 0.2053 0.9730 -0.1052
vn -0.0048 0.6930 -0.7210
vn 0.2699 0.7811 -0.5631
vn -0.8172 0.3881 -0.4261
vn -0.2980 0.9190 -0.2579
vn -0.5807 0.7311 0.3582
vn 0.8337 0.4822 -0.2692
vn -0.7629 -0.2594 -0.5922
vn 0.6923 -0.4663 0.5508
vn 0.3195 0.9376 -0.1374
vn -0.5595 -0.1772 -0.8097
vn -0.4490 -0.4664 -0.7622
vn 0.8242 0.4364 -0.3609
vn 0.7940 -0.6010 -0.0914
vn 0.5089 -0.3206 -0.7989
vn 0.6544 -0.4300 -0.6219
vn 0.1502 0.7362 0.6599
vn 0.1851 0.9002 -0.3942
vn -0.1154 -0.1462 -0.9825
vn 0.3828 0.3878 -0.8385
vn -0.2631 -0.9619 -0.0742
vn 0.9161 -0.2127 0.3399
vn 0.1117 0.1431 -0.9834
vn -0.5958 0.4654 0.6546
vn 0.3496 0.5739 -0.7405
vn 0.9813 0.1485 -0.1224
vn 0.4271 0.2774 -0.8606
vn 0.8273 -0.5373 0.1637
vn 0.3495 0.5740 -0.7405
vn -0.4914 -0.5695 0.6589
vn -0.8233 0.4556 -0.3385
vn -0.8036 0.5832 0.1190
vn -0.8876 0.2717 -0.3719
vn 0.3668 -0.2343 -0.9003
vn 0.3264 -0.1141 -0.9383
vn 0.1758 -0.9353 -0.3070
vn -0.6084 0.1613 -0.7771
vn 0.2389 0.2441 0.9399
vn -0.7989 -0.0424 0.6000
vn 0.5006 -0.0530 0.8641
vn 0.4083 0.7814 0.4719
vn 0.8630 -0.2633 0.4312
vn -0.7328 0.6795 0.0355
vn 0.2970 0.7366 0.6077
vn 0.2605 0.6414 0.7216
vn -0.1217 -0.4669 0.8759
vn 0.4231 0.7653 0.4850
vn -0.7154 0.6983 0.0250
vn -0.0403 -0.0918 0.9950
vn 0.3195 0.2475 0.9147
vn 0.9537 0.1935 0.2303
vn -0.5147 -0.7353 0.4409
vn -0.7056 0.7086 -0.0074
vn -0.8595 0.5071 -0.0641
vn 0.8515 0.0676 0.5200
vn -0.7518 0.6547 -0.0781
vn -0.8171 0.2304 0.5284
vn 0.1757 0.7502 -0.6374
vn -0.6786 -0.2820 -0.6782
vn -0.2624 -0.9621 -0.0737
vn -0.8433 -0.1120 -0.5256
vn -0.6902 -0.0471 0.7220
vn -0.9628 -0.0724 -0.2604
vn 0.1253 -0.9899 0.0667
vn 0.9134 -0.3599 0.1904
vn -0.4080 0.6215 -0.6688
vn 0.8694 0.4169 -0.2651
vn -0.6449 0.7035 0.2985
vn -0.7532 0.4908 -0.4380
vn -0.0859 0.9963 -0.0077
vn -0.4935 -0.8297 -0.2610
vn -0.7850 -0.2825 -0.5514
vn -0.6911 0.1014 -0.7157
vn -0.3139 0.9180 -0.2422
vn 0.4077 -0.5360 0.7392
vn 0.2061 -0.6996 -0.6842
vn -0.2596 -0.8402 -0.4761
vn 0.8921 0.4306 -0.1371
vn -0.1965 -0.8075 -0.5562
vn 0.5955 0.6189 -0.5122
vn 0.6236 0.3950 -0.6746
vn 0.3979 0.2284 0.8885
vn -0.6674 0.6736 -0.3175
vn -0.7758 0.3549 0.5218
vn -0.6622 0.5486 -0.5104
vn -0.1346 -0.9180 0.3732
vn 0.9877 -0.0816 -0.1332
vn 0.9895 -0.1441 -0.0125
vn 0.9942 0.0585 -0.0902
vn -0.9944 -0.0486 0.0936
vn -0.9762 -0.2107 0.0510
vn -0.9967 -0.0483 0.0653
vn 0.9385 0.3432 0.0381
vn 0.9759 0.2108 -0.0567
vn 0.9771 0.2039 -0.0614
vn -0.9944 -0.0486 0.0933
vn -0.0193 -0.7196 0.6941
vn -0.0443 0.2569 0.9654
vn -0.8675 0.1231 -0.4820
vn 0.3974 -0.1350 -0.9077
vn -0.7990 -0.2445 -0.5493
vn -0.7709 -0.3268 -0.5467
vn 0.0843 -0.3346 0.9386
vn -0.4016 0.7477 0.5288
vn -0.5529 -0.6272 0.5486
vn -0.1538 -0.2596 -0.9534
vn -0.1566 0.5724 -0.8049
vn -0.3843 0.8397 -0.3837
vn -0.3547 0.5045 -0.7872
vn -0.4468 0.4894 -0.7489
vn -0.3014 0.4772 -0.8255
vn -0.3308 0.9365 -0.1160
vn 0.6052 -0.7960 -0.0100
vn 0.8910 0.1172 -0.4386
vn -0.5415 0.6294 -0.5573
vn 0.4963 0.6591 -0.5650
vn -0.7335 -0.4724 0.4888
vn 0.4023 0.9056 -0.1347
vn 0.1300 -0.9869 0.0959
vn -0.8055 -0.2896 -0.5171
vn -0.4542 -0.8706 -0.1893
vn 0.6951 0.1647 -0.6998
vn 0.7905 0.1819 -0.5848
vn 0.6789 0.5583 -0.4769
vn 0.4515 0.3967 -0.7992
vn 0.9004 0.4130 0.1366
vn -0.4232 -0.7222 -0.5471
vn -0.6949 -0.7190 -0.0124
vn 0.6869 -0.6972 0.2050
vn 0.0208 -0.1337 -0.9908
vn -0.1757 0.0761 0.9815
vn -0.1731 0.0740 0.9821
vn -0.1460 0.0115 0.9892
vn -0.7633 0.6458 -0.0188
vn -0.1459 0.0114 0.9892
vn -0.1047 -0.0591 0.9927
vn -0.1026 -0.0611 0.9928
vn -0.2011 -0.8180 -0.5390
vn 0.2587 0.5559 -0.7900
vn -0.5000 -0.8227 -0.2703
vn 0.8766 0.0626 -0.4772
vn 0.0149 -0.1395 -0.9901
vn 0.8339 0.5390 -0.1183
vn -0.3423 0.9138 0.2186
vn 0.3724 0.8903 0.2620
vn 0.9238 0.3270 -0.1992
vn 0.8160 0.5704 0.0938
vn 0.8448 0.2957 0.4460
vn 0.8536 0.5204 -0.0219
vn 0.8171 0.5745 -0.0480
vn 0.9049 0.2942 -0.3075
vn 0.6705 0.1226 0.7317
vn -0.9979 -0.0260 -0.0598
vn -0.9683 -0.1488 -0.2007
vn -0.3640 0.9212 0.1376
vn 0.8651 0.1422 0.4811
vn -0.0589 0.6285 0.7756
vn 0.3117 -0.7768 0.5472
vn 0.2088 -0.9185 -0.3358
vn -0.4354 -0.6063 -0.6654
vn -0.2521 -0.5056 -0.8251
vn 0.9211 0.2892 0.2606
vn -0.8469 0.4739 -0.2413
vn -0.5644 0.7586 -0.3257
vn 0.8791 0.4685 0.0874
vn -0.4588 -0.7880 -0.4105
vn 0.6197 -0.7790 0.0952
vn -0.0453 -0.7675 0.6395
vn -0.8632 -0.4714 -0.1806
vn 0.2198 -0.6178 0.7550
vn 0.5535 0.7599 0.3408
vn 0.1156 0.9902 -0.0785
vn 0.9886 0.1158 0.0963
vn 0.6936 0.7203 0.0131
vn -0.3297 0.9440 -0.0122
vn 0.3344 0.9424 -0.0125
vn 0.9698 0.2287 0.0850
vn 0.5421 0.0480 0.8389
vn 0.9029 -0.3824 0.1964
vn -0.8603 0.5035 -0.0796
vn -0.9416 0.3351 0.0327
vn -0.3462 -0.7397 0.5770
vn 0.9861 -0.1297 0.1038
vn -0.7997 -0.5965 0.0684
vn -0.0423 -0.9734 -0.2250
vn -0.8146 0.5749 -0.0773
vn -0.8399 0.3413 -0.4220
vn -0.9772 -0.1840 -0.1060
vn -0.7329 0.1528 -0.6629
vn 0.8797 0.4448 -0.1680
vn -0.1716 0.9338 -0.3141
vn -0.6403 0.7655 -0.0631
vn 0.5799 -0.3848 -0.7180
vn 0.5238 -0.8497 0.0604
vn 0.9833 -0.1642 0.0788
vn -0.2467 -0.6650 0.7049
vn -0.7440 -0.4484 -0.4953
vn -0.0603 -0.9014 0.4288
vn -0.6201 -0.5122 0.5942
vn 0.5734 0.5234 0.6303
vn -0.4682 -0.7311 0.4964
vn -0.0037 -0.9823 -0.1872
vn -0.6090 -0.1162 -0.7846
vn -0.6854 0.0649 -0.7253
vn -0.0516 0.6019 -0.7969
vn 0.7921 -0.5255 -0.3105
vn -0.2576 -0.7629 0.5930
vn 0.7532 0.0907 -0.6515
vn -0.6752 -0.5620 0.4778
vn -0.6200 -0.5121 0.5945
vn -0.4280 0.7671 0.4778
vn 0.5732 0.5237 0.6302
vn 0.6615 0.7467 -0.0702
vn -0.6482 -0.3373 -0.6827
vn 0.8969 0.1061 0.4293
vn -0.6322 -0.1662 0.7568
vn 0.5400 0.6312 0.5567
vn -0.0319 0.9855 -0.1665
vn 0.9994 0.0333 0.0119
vn 0.8074 -0.3374 0.4840
vn 0.5940 0.1827 0.7834
vn 0.8320 0.4509 0.3232
vn 0.6037 0.7544 -0.2579
vn 0.0336 -0.1423 0.9892
vn -0.5217 -0.2437 0.8176
vn 0.7483 -0.5058 0.4292
vn 0.9931 -0.0416 -0.1095
vn -0.1489 0.2781 0.9489
vn 0.6182 -0.7579 0.2085
vn 0.4625 -0.8148 0.3496
vn 0.0562 0.1825 0.9816
vn 0.2831 -0.7307 0.6213
vn 0.3813 0.7687 0.5135
vn 0.7121 -0.1709 0.6810
vn -0.7707 -0.2102 0.6015
vn 0.8246 -0.5609 0.0735
vn 0.3958 -0.6653 -0.6331
vn 0.4930 0.7940 -0.3556
vn -0.6421 0.5742 0.5080
vn -0.3581 -0.8297 0.4283
vn 0.1312 -0.5361 -0.8339
vn 0.1652 -0.5606 0.8114
vn 0.4385 -0.1243 0.8901
vn -0.3152 0.4227 -0.8497
vn 0.2893 -0.8607 0.4189
vn 0.0624 0.3454 0.9364
vn 0.4386 -0.1244 0.8900
vn -0.8939 0.1619 -0.4179
vn 0.6875 0.2345 -0.6872
vn 0.5848 -0.7678 0.2617
vn 0.8448 -0.5281 0.0865
vn -0.0221 -0.4653 -0.8849
vn 0.3211 -0.1349 0.9374
vn 0.8930 0.4116 -0.1820
vn -0.6083 -0.5977 0.5223
vn 0.4598 -0.8212 -0.3380
vn -0.5777 0.5730 -0.5813
vn 0.9791 -0.1362 0.1512
vn -0.3158 0.6523 0.6890
vn -0.2933 -0.8816 0.3698
vn 0.8006 -0.3715 0.4701
vn -0.0202 0.6044 0.7964
vn 0.9720 -0.1061 0.2098
vn 0.8149 -0.5292 0.2365
vn 0.8005 -0.3712 0.4705
vn 0.2901 0.3829 0.8770
vn -0.0198 0.6044 0.7964
vn -0.9995 -0.0293 -0.0101
vn -0.5451 0.8275 0.1344
vn -0.7974 0.5577 -0.2305
vn 0.7302 -0.0682 0.6799
vn -0.6771 0.3785 0.6312
vn 0.3234 0.9455 -0.0389
vn -0.5571 -0.4648 -0.6882
vn -0.7030 0.0618 0.7085
vn 0.7451 -0.4631 0.4799
vn 0.8336 0.5142 0.2017
vn 0.9872 0.0881 -0.1329
vn 0.6921 0.3455 -0.6338
vn -0.2588 0.7641 -0.5909
vn 0.8295 -0.0992 -0.5497
vn 0.3726 0.5206 -0.7683
vn 0.3974 0.4995 -0.7697
vn 0.3985 0.5214 -0.7545
vn -0.6294 0.5205 -0.5770
vn 0.9313 -0.2098 -0.2978
vn 0.9720 -0.1060 0.2099
vn 0.6455 0.3389 -0.6845
vn 0.2666 0.1093 0.9576
vn 0.8351 0.3735 0.4037
vn -0.4780 -0.5951 -0.6460
vn 0.5906 -0.5358 0.6034
vn 0.7730 0.2087 -0.5990
vn 0.7501 0.6608 0.0255
vn 0.2668 0.6755 -0.6873
vn 0.8791 -0.4026 0.2552
vn -0.7858 -0.1760 -0.5929
vn -0.6119 0.5985 -0.5170
vn 0.9622 -0.0994 -0.2536
vn 0.5921 -0.3773 -0.7121
vn 0.7887 -0.4710 -0.3952
vn 0.6120 0.2754 0.7413
vn 0.6819 -0.6143 -0.3970
vn -0.5613 -0.1012 0.8214
vn -0.3732 -0.3008 0.8776
vn -0.2838 0.0515 0.9575
vn -0.9685 0.2063 0.1392
vn -0.5748 0.7585 0.3071
vn 0.5313 0.4359 0.7265
vn -0.7715 0.2502 -0.5849
vn -0.9403 0.3032 -0.1548
vn 0.2405 -0.1720 0.9553
vn -0.8589 0.4821 -0.1728
vn 0.6100 0.1620 0.7757
vn -0.9658 -0.1394 0.2185
vn -0.4280 -0.3153 -0.8470
vn 0.3430 0.2998 0.8902
vn -0.1947 -0.0445 0.9798
vn 0.2378 0.1102 -0.9651
vn -0.9220 -0.1326 0.3638
vn 0.0553 -0.6622 -0.7473
vn 0.5515 -0.1994 -0.8100
vn 0.5814 -0.1934 0.7903
vn 0.2836 -0.0504 -0.9576
vn 0.7168 0.6952 -0.0539
vn -0.9785 0.1966 0.0626
vn -0.6796 0.1156 -0.7244
vn -0.7779 -0.4930 -0.3897
vn 0.0949 0.0946 -0.9910
vn -0.6061 0.6807 -0.4115
vn -0.4810 0.1933 -0.8552
vn -0.5529 -0.5255 -0.6466
vn -0.1675 -0.1203 -0.9785
vn 0.2475 -0.9683 0.0335
vn -0.2316 -0.6964 0.6793
vn 0.4647 0.8839 -0.0531
vn -0.5293 -0.8188 0.2221
vn -0.2314 -0.6963 0.6794
vn 0.7515 0.6559 0.0716
vn 0.4642 0.8841 -0.0531
vn 0.7166 0.2980 -0.6306
vn -0.4077 0.6353 -0.6558
vn -0.2730 0.0869 -0.9581
vn -0.5849 0.8095 -0.0506
vn 0.2531 -0.1304 0.9586
vn -0.8485 -0.5222 0.0859
vn 0.0055 -0.9985 0.0542
vn 0.1416 0.9315 -0.3350
vn -0.5753 -0.7699 0.2763
vn -0.2314 -0.6961 0.6796
vn -0.2311 -0.6962 0.6796
vn 0.7897 -0.6112 0.0535
vn 0.0474 0.4436 0.8950
vn 0.7029 -0.5758 0.4177
vn -0.9384 0.3078 0.1571
vn -0.7081 0.4685 -0.5283
vn 0.7217 -0.6579 -0.2153
vn -0.2097 -0.8159 -0.5388
vn 0.1829 -0.6428 0.7439
vn 0.8548 0.0851 0.5120
vn 0.1956 0.4897 0.8497
vn 0.9165 0.2966 0.2684
vn 0.2052 0.7459 0.6337
vn -0.1443 0.8937 0.4247
vn 0.8926 -0.0983 0.4401
vn -0.1416 0.8944 0.4243
vn -0.2204 0.8755 0.4299
vn -0.9823 0.1057 0.1548
vn -0.1890 0.9390 0.2874
vn -0.1446 0.8938 0.4246
vn -0.3104 0.8833 -0.3514
vn -0.7432 -0.5754 -0.3415
vn -0.9471 -0.2758 -0.1640
vn -0.3833 -0.9173 0.1081
vn 0.1514 0.4007 0.9036
vn 0.5141 0.4284 -0.7431
vn -0.9773 0.0342 -0.2089
vn -0.4634 -0.7957 -0.3900
vn -0.9600 -0.0927 0.2644
vn -0.7669 0.6024 -0.2212
vn -0.9810 0.1925 -0.0257
vn 0.1582 0.4436 0.8821
vn -0.2591 0.6368 -0.7262
vn 0.2987 0.1080 0.9482
vn -0.9717 -0.2361 0.0043
vn 0.8332 -0.4010 0.3808
vn 0.7954 0.1848 0.5772
vn -0.9859 0.0093 -0.1674
vn 0.0789 0.9625 0.2595
vn 0.6353 0.2786 0.7203
vn -0.0946 -0.5697 -0.8164
vn -0.0007 0.5690 -0.8224
vn -0.1275 -0.4961 0.8589
vn -0.2831 -0.9432 0.1741
vn -0.9486 -0.2190 -0.2284
vn -0.1479 -0.4984 0.8542
vn 0.8119 0.0595 -0.5808
vn 0.4371 0.8015 -0.4082
vn 0.9887 0.0624 0.1363
vn 0.6132 0.3938 0.6847
vn -0.3876 -0.5315 -0.7532
vn 0.8574 0.3592 0.3686
vn 0.6630 -0.1908 0.7238
vn -0.9125 -0.3535 -0.2059
vn 0.7089 0.1213 0.6948
vn -0.1869 0.1560 0.9699
vn 0.0063 0.6114 0.7913
vn 0.1124 -0.8218 0.5586
vn 0.1227 -0.2017 0.9717
vn 0.5197 -0.5834 0.6242
vn -0.4697 0.0373 0.8820
vn -0.8230 -0.5008 0.2680
vn 0.8189 -0.2114 -0.5336
vn 0.7938 -0.2553 -0.5520
vn -0.7083 -0.4381 0.5536
vn -0.0498 0.9791 0.1971
vn 0.2377 0.7718 0.5897
vn -0.0062 0.5150 0.8572
vn 0.4224 0.6466 0.6352
vn 0.6959 0.3573 0.6229
vn -0.0354 0.6622 0.7485
vn 0.3279 0.5467 0.7705
vn 0.6741 0.2951 0.6772
vn -0.4696 -0.8806 0.0636
vn -0.7636 -0.5741 -0.2953
vn -0.2210 -0.9698 0.1034
vn -0.7526 -0.3523 -0.5564
vn -0.8009 -0.2358 0.5504
vn -0.9561 -0.0671 0.2852
vn -0.9255 -0.1614 -0.3427
vn -0.0248 0.5569 0.8302
vn -0.9879 0.0513 -0.1465
vn -0.9926 -0.0025 0.1214
vn -0.9972 -0.0377 -0.0641
vn -0.9750 -0.1143 -0.1905
vn -0.0310 0.7636 0.6449
vn 0.7709 0.0264 0.6364
vn -0.1117 -0.4622 0.8797
vn 0.4644 -0.7600 0.4546
vn -0.3041 0.2840 0.9093
vn -0.0722 -0.2395 0.9682
vn -0.9902 -0.0075 0.1394
vn -0.7631 -0.4077 -0.5015
vn -0.8030 0.5224 0.2868
vn -0.1613 -0.5649 0.8093
vn 0.5097 -0.0747 0.8571
vn 0.9891 -0.1450 -0.0259
vn 0.6490 0.1963 0.7350
vn 0.4008 0.0246 0.9159
vn -0.9418 -0.2723 -0.1971
vn 0.3102 0.4579 0.8331
vn 0.1239 0.4095 -0.9038
vn -0.3344 0.0369 0.9417
vn 0.5272 -0.5160 0.6752
vn 0.5303 0.7839 -0.3229
vn -0.7686 0.5027 -0.3957
vn 0.5765 -0.5166 -0.6330
vn 0.5848 0.1104 0.8037
vn 0.4820 0.4703 -0.7392
vn -0.9786 0.1697 -0.1162
vn 0.8962 -0.2803 0.3439
vn 0.6338 -0.3341 -0.6976
vn 0.7392 0.4423 0.5079
vn -0.8659 -0.4172 -0.2762
vn 0.9619 0.1647 0.2183
vn 0.9797 0.1785 0.0908
vn 0.8240 0.4670 -0.3207
vn -0.9946 0.0550 0.0883
vn -0.9451 -0.1817 -0.2717
vn -0.2937 0.3566 0.8869
vn -0.2633 0.4580 -0.8491
vn 0.2361 -0.4479 0.8623
vn -0.3181 0.1651 0.9336
vn -0.5107 0.2354 0.8269
vn 0.0591 0.9868 0.1509
vn 0.0034 0.0791 0.9969
vn -0.0082 -0.9096 0.4154
vn 0.1154 -0.9883 0.0997
vn 0.0394 -0.9382 -0.3439
vn 0.1822 -0.2967 0.9374
vn 0.1402 -0.3343 0.9320
vn 0.7998 -0.5865 -0.1279
vn -0.8611 0.0101 0.5083
vn 0.6439 -0.6180 0.4510
vn -0.1585 -0.7917 0.5900
vn 0.9835 -0.1811 0.0011
vn 0.2571 0.9116 0.3209
vn -0.7933 -0.4422 0.4184
vn 0.5142 -0.6169 -0.5959
vn -0.5892 -0.5688 0.5738
vn -0.5173 -0.6934 0.5015
vn 0.1783 -0.9515 -0.2508
vn -0.5940 -0.5560 0.5814
vn 0.6194 0.6960 0.3632
vn -0.8119 0.4716 -0.3441
vn -0.6418 -0.2202 0.7346
vn -0.8436 -0.2837 0.4559
vn -0.9265 -0.2259 0.3008
vn -0.8466 -0.4447 -0.2923
vn -0.7770 -0.4254 -0.4640
vn -0.8873 -0.0914 -0.4520
vn -0.7015 0.6008 0.3833
vn -0.7255 0.0938 0.6818
vn -0.4857 0.4756 -0.7334
vn -0.9940 0.0998 0.0448
vn -0.9755 -0.1162 0.1867
vn -0.7765 -0.4259 -0.4644
vn -0.7766 -0.4255 -0.4646
vn 0.2102 0.6090 0.7648
vn -0.7768 -0.4254 -0.4645
vn -0.8871 -0.0912 -0.4524
vn -0.4242 -0.1129 -0.8985
vn -0.3423 0.4432 0.8285
vn -0.7132 0.1945 0.6735
vn -0.6398 -0.1537 0.7530
vn 0.6306 -0.3946 0.6683
vn 0.7458 0.4001 0.5326
vn -0.5152 -0.6471 0.5620
vn -0.5010 -0.6782 0.5376
vn 0.0855 -0.9898 -0.1142
vn 0.4666 0.7545 -0.4615
vn 0.9640 -0.2657 0.0094
vn 0.2088 -0.8489 0.4856
vn -0.2930 -0.9556 -0.0302
vn -0.2570 0.8068 0.5320
vn -0.2740 -0.8385 0.4710
vn -0.0807 0.8513 -0.5184
vn -0.7064 0.6616 0.2515
vn -0.3342 0.8286 0.4492
vn -0.6966 0.6944 0.1805
vn 0.1223 -0.8539 -0.5059
vn -0.4662 0.4554 -0.7585
vn -0.3328 0.9058 0.2624
vn -0.9824 0.1541 0.1056
vn 0.4009 0.7607 -0.5104
vn -0.0643 0.9900 -0.1252
vn 0.2665 0.5303 -0.8049
vn -0.0642 -0.6244 0.7785
vn -0.3790 0.9194 0.1052
vn 0.9370 -0.0034 0.3492
vn -0.8548 0.4062 0.3230
vn 0.8693 -0.4853 0.0935
vn 0.7742 -0.0956 0.6257
vn -0.9159 -0.0920 0.3907
vn -0.5479 -0.8194 0.1682
vn -0.3888 0.8311 -0.3976
vn -0.6636 -0.6842 0.3026
vn -0.6110 -0.4469 0.6534
vn -0.8465 -0.0284 -0.5316
vn -0.6726 -0.7272 -0.1370
vn -0.9024 -0.4291 0.0379
vn -0.5464 -0.6716 0.5004
vn -0.3438 -0.9225 -0.1756
vn -0.6698 0.4424 -0.5963
vn 0.5452 -0.6524 -0.5265
vn 0.1024 -0.9912 0.0835
vn 0.3199 -0.9229 0.2144
vn -0.9040 0.3465 0.2503
vn -0.7037 0.1903 0.6845
vn 0.8217 0.3589 0.4427
vn -0.0098 -0.9832 0.1823
vn -0.0930 -0.0575 0.9940
vn -0.1159 0.4545 0.8832
vn -0.5616 0.7119 0.4215
vn -0.3532 0.8909 0.2854
vn 0.7281 0.6776 0.1037
vn -0.9029 -0.1363 0.4077
vn -0.4787 0.5769 0.6619
vn -0.5566 0.7269 0.4023
vn -0.5207 0.7020 0.4858
vn -0.6237 0.7643 0.1639
vn -0.0232 0.1641 0.9862
vn -0.4876 -0.3109 0.8159
vn 0.2996 0.3205 0.8986
vn -0.5306 0.2724 0.8027
vn 0.9731 -0.1811 0.1426
vn 0.9989 -0.0464 -0.0005
vn 0.9477 -0.2691 0.1715
vn 0.9715 0.0806 0.2227
vn 0.3090 0.3853 0.8695
vn 0.8187 0.3423 0.4611
vn -0.8881 -0.3777 -0.2620
vn 0.0928 -0.6043 0.7913
vn 0.8314 0.1839 -0.5244
vn -0.3256 0.9278 0.1820
vn 0.9478 -0.2692 0.1712
vn 0.2526 0.8004 0.5436
vn 0.3364 -0.9334 0.1249
vn 0.9989 -0.0463 -0.0005
vn -0.9647 0.0583 -0.2566
vn -0.4297 0.7837 0.4485
vn 0.6970 -0.5783 0.4239
vn -0.6082 -0.1279 -0.7834
vn -0.1995 0.8275 0.5248
vn 0.9105 0.4027 0.0938
vn 0.4782 0.4634 0.7461
vn -0.3104 -0.7969 -0.5183
vn 0.4501 0.8049 0.3868
vn -0.5133 -0.8523 0.1005
vn -0.5181 -0.4043 0.7537
vn -0.5456 -0.7553 0.3631
vn -0.8450 -0.3516 -0.4029
vn -0.8917 0.2791 0.3562
vn -0.6338 0.3977 -0.6634
vn -0.7381 -0.2496 0.6268
vn 0.8148 -0.3105 -0.4896
vn 0.5578 0.2654 0.7864
vn 0.2273 -0.2158 0.9496
vn 0.5683 -0.0797 -0.8189
vn 0.9804 0.0848 -0.1778
vn 0.6303 0.4319 -0.6451
vn -0.7678 0.4074 0.4945
vn -0.4492 0.6926 0.5644
vn -0.3824 0.2738 0.8825
vn -0.4875 0.2480 0.8371
vn -0.4389 0.3467 0.8290
vn 0.4036 -0.2297 0.8856
vn 0.0147 0.8746 0.4847
vn 0.3972 -0.2676 0.8779
vn -0.8857 0.4557 0.0893
vn -0.2733 -0.7642 -0.5842
vn 0.3519 0.3569 0.8653
vn 0.4136 0.0922 0.9058
vn 0.9673 0.2295 0.1078
vn 0.8699 0.4874 -0.0751
vn -0.2810 -0.2133 0.9357
vn -0.0396 0.1237 0.9915
vn -0.4436 -0.4432 0.7790
vn 0.7072 0.1183 -0.6971
vn -0.9140 -0.1126 0.3896
vn -0.1171 -0.8774 0.4652
vn -0.4055 -0.8756 0.2624
vn -0.2895 0.7590 0.5832
vn -0.6297 0.1199 0.7675
vn -0.5439 -0.8390 0.0159
vn -0.5724 -0.3777 0.7278
vn 0.7833 -0.0653 0.6182
vn 0.0956 0.1862 0.9779
vn 0.0907 -0.3010 0.9493
vn -0.9906 -0.0785 -0.1123
vn -0.3152 -0.8949 -0.3159
vn -0.1728 0.4866 -0.8563
vn 0.1828 0.4034 0.8966
vn -0.8229 -0.1988 0.5323
vn -0.8892 -0.2334 0.3936
vn -0.8440 -0.4448 -0.2995
vn 0.2917 -0.6148 -0.7327
vn 0.7709 0.3940 -0.5005
vn 0.1015 0.1123 -0.9885
vn -0.7383 0.5486 0.3924
vn -0.9744 0.0317 0.2225
vn -0.0634 -0.1557 0.9858
vn -0.9833 0.0840 0.1615
vn -0.6789 0.6179 0.3967
vn 0.1329 0.1253 0.9832
vn -0.6657 0.3070 0.6802
vn -0.1160 0.7985 0.5907
vn 0.0447 0.8954 -0.4430
vn -0.2290 -0.2258 -0.9469
vn -0.5245 -0.1779 0.8326
vn -0.1155 -0.0519 0.9919
vn -0.8593 0.3098 -0.4070
vn -0.2797 -0.7078 0.6486
vn -0.1447 0.2699 0.9520
vn 0.4600 -0.5379 0.7065
vn 0.6013 -0.7823 0.1629
vn 0.0540 0.0400 0.9977
vn 0.6615 -0.5482 0.5118
vn 0.9836 -0.0756 0.1635
vn 0.5391 -0.8410 0.0462
vn -0.5202 0.0466 0.8528
vn -0.2847 0.0009 0.9586
vn -0.4848 0.7071 0.5148
vn -0.2076 0.6913 0.6921
vn -0.7449 -0.6634 -0.0713
vn 0.6026 0.0551 -0.7961
vn 0.8182 0.3045 0.4876
vn -0.1326 0.2979 0.9453
vn 0.6880 0.0706 0.7223
vn -0.4117 0.8138 0.4102
vn 0.1688 0.9852 -0.0288
vn 0.0989 -0.8042 0.5861
vn -0.0256 0.9262 -0.3761
vn -0.1927 0.0586 0.9795
vn 0.1410 0.1850 0.9726
vn -0.4942 -0.3844 -0.7797
vn -0.2110 0.1633 -0.9637
vn -0.6665 0.4183 -0.6171
vn -0.2721 -0.5354 0.7995
vn -0.0092 -0.4342 0.9008
vn -0.1986 0.0723 0.9774
vn 0.8538 -0.5077 -0.1156
vn 0.2013 -0.9776 0.0606
vn 0.9066 -0.2789 -0.3168
vn 0.4022 -0.7692 -0.4966
vn 0.2318 -0.4640 0.8550
vn -0.9131 -0.3977 -0.0898
vn -0.9480 -0.3009 0.1040
vn -0.0954 0.3607 0.9278
vn -0.9505 -0.1557 -0.2691
vn -0.8884 -0.4375 0.1391
vn -0.8829 -0.4617 0.0860
vn -0.8372 -0.3740 0.3990
vn -0.6180 -0.3142 -0.7207
vn 0.9325 -0.0167 -0.3607
vn 0.2781 0.9511 -0.1348
vn 0.7051 0.3057 0.6398
vn 0.2721 0.4480 0.8516
vn -0.2138 0.1965 0.9569
vn -0.0109 0.2147 0.9766
vn 0.1578 -0.5184 -0.8405
vn -0.1885 0.1367 -0.9725
vn 0.3701 -0.1725 -0.9128
vn -0.0511 0.2454 0.9681
vn -0.1032 0.9606 0.2579
vn 0.9493 -0.2309 0.2134
vn 0.5796 -0.0619 0.8125
vn 0.3570 0.4542 0.8163
vn -0.2367 0.2771 0.9312
vn -0.5283 0.6297 0.5695
vn 0.1325 0.7268 0.6740
vn -0.3982 -0.9173 0.0049
vn 0.4524 -0.0110 0.8918
vn 0.2387 -0.7710 0.5904
vn 0.3088 -0.0651 0.9489
vn 0.4773 0.5434 0.6906
vn 0.3532 0.1701 0.9200
vn 0.5377 0.1470 0.8302
vn -0.1169 -0.8899 -0.4409
vn -0.7894 -0.3702 -0.4897
vn 0.4449 -0.6794 -0.5835
vn -0.8347 -0.2795 0.4745
vn -0.7574 0.0057 0.6530
vn -0.2633 -0.1073 0.9587
vn 0.4640 -0.4482 0.7640
vn -0.4578 -0.2415 0.8556
vn 0.4394 -0.2125 0.8728
vn -0.5695 -0.3796 0.7291
vn -0.6434 -0.3725 0.6688
vn 0.7063 0.0988 0.7010
vn 0.1516 0.9832 0.1016
vn 0.4964 0.6824 0.5366
vn -0.2139 0.9768 -0.0008
vn 0.1544 0.9326 0.3261
vn 0.4629 0.7582 0.4592
vn 0.4405 -0.1878 -0.8779
vn -0.3889 -0.6468 -0.6560
vn -0.3008 -0.7197 -0.6257
vn -0.3341 -0.5621 -0.7566
vn -0.2114 -0.8998 -0.3817
vn 0.8272 -0.4830 -0.2872
vn 0.4331 -0.5314 0.7280
vn 0.3080 -0.0610 0.9494
vn 0.6520 -0.0195 0.7580
vn 0.3994 0.1122 0.9099
vn 0.6715 0.0130 0.7409
vn 0.5525 -0.0965 0.8279
vn 0.0589 -0.5114 0.8573
vn 0.1054 -0.9528 0.2848
vn -0.1563 0.9846 0.0783
vn 0.3745 -0.0222 0.9270
vn -0.1056 -0.9927 -0.0583
vn 0.4432 0.7785 0.4444
vn -0.0498 -0.8559 0.5148
vn 0.3865 -0.1617 0.9080
vn -0.9405 0.1311 -0.3133
vn -0.5646 0.2364 0.7908
vn -0.6265 -0.7067 0.3287
vn 0.1389 0.5796 0.8030
vn 0.0777 -0.2462 0.9661
vn 0.8521 -0.5161 0.0868
vn 0.0888 -0.7606 -0.6431
vn 0.8566 0.3780 -0.3513
vn 0.6718 -0.7345 -0.0962
vn -0.0459 -0.0568 0.9973
vn -0.8439 -0.1871 0.5027
vn -0.5943 -0.8018 -0.0633
vn 0.7009 -0.3815 0.6026
vn -0.2757 -0.4872 0.8286
vn -0.1064 -0.1249 0.9864
vn -0.1127 -0.5546 0.8244
vn 0.2875 -0.2068 0.9352
vn 0.4872 -0.1518 0.8600
vn 0.6768 0.1274 0.7250
vn -0.3946 0.4218 -0.8163
vn -0.9401 0.2918 -0.1760
vn 0.6693 -0.4739 -0.5723
vn -0.5757 -0.1790 -0.7978
vn -0.2397 0.3448 -0.9075
vn -0.8949 0.2840 -0.3441
vn -0.5166 0.8213 0.2422
vn -0.8387 -0.3788 0.3913
vn -0.8384 -0.3789 0.3917
vn -0.8349 -0.5389 -0.1119
vn -0.7530 -0.3017 -0.5848
vn -0.8385 -0.3788 0.3916
vn -0.6127 -0.7707 -0.1752
vn -0.3806 -0.8958 0.2295
vn 0.5725 -0.1424 -0.8074
vn 0.1887 -0.0304 -0.9816
vn -0.8798 0.2626 0.3963
vn -0.3020 0.7632 0.5712
vn -0.2666 0.0342 0.9632
vn -0.1515 0.7258 0.6711
vn 0.1635 -0.5117 0.8435
vn -0.8917 0.4423 0.0958
vn -0.1514 0.2573 -0.9544
vn 0.9503 0.2907 -0.1116
vn 0.5842 0.1948 -0.7879
vn -0.8349 -0.3626 0.4141
vn -0.3879 -0.4823 0.7855
vn -0.7063 0.0037 0.7079
vn 0.2243 -0.3313 0.9165
vn -0.1474 0.5390 0.8293
vn 0.1982 -0.0711 0.9776
vn 0.8705 0.1096 0.4798
vn 0.9690 0.2143 -0.1232
vn 0.1656 0.1104 0.9800
vn 0.1739 0.1141 0.9781
vn 0.1703 0.1107 0.9792
vn -0.9156 0.2469 -0.3173
vn -0.7615 -0.2922 0.5786
vn -0.8649 -0.4925 -0.0967
vn -0.9695 0.1989 0.1433
vn -0.0727 0.2837 -0.9562
vn -0.2472 0.2115 0.9456
vn -0.9134 0.1569 0.3757
vn 0.6470 -0.1935 -0.7375
vn 0.4988 -0.0280 0.8662
vn -0.3763 -0.7611 0.5283
vn -0.0176 0.9718 0.2351
vn -0.2645 0.5529 0.7902
vn -0.1245 0.9403 0.3169
vn 0.0187 -0.7504 0.6607
vn -0.4387 0.7628 0.4750
vn 0.8334 0.1410 -0.5344
vn -0.9380 0.1613 0.3068
vn 0.1313 0.9393 -0.3169
vn 0.4497 0.5912 0.6695
vn -0.6169 -0.7657 -0.1818
vn -0.7061 -0.4080 0.5788
vn -0.4965 0.4203 0.7595
vn -0.8381 -0.2557 0.4819
vn -0.7207 0.0645 0.6902
vn -0.9338 0.1209 0.3367
vn -0.7466 0.4001 0.5316
vn 0.1791 -0.9806 0.0793
vn 0.5633 -0.3717 0.7379
vn -0.6452 -0.5389 0.5415
vn 0.3608 -0.4687 0.8063
vn 0.7298 -0.2515 0.6357
vn -0.5562 -0.7390 0.3801
vn 0.6713 0.6639 0.3296
vn -0.4693 0.8794 0.0796
vn -0.9654 -0.2460 0.0860
vn -0.5131 0.1931 -0.8363
vn -0.2604 0.2743 -0.9257
vn -0.0662 0.8875 0.4561
vn -0.7083 0.1071 0.6977
vn -0.1993 0.6458 -0.7370
vn -0.4465 0.3913 -0.8047
vn -0.8585 0.1529 0.4895
vn -0.4127 0.3816 0.8271
vn -0.7818 0.6214 -0.0520
vn -0.1222 0.8306 0.5433
vn 0.1556 0.5369 0.8292
vn -0.5476 0.4351 0.7147
vn -0.1033 -0.2409 -0.9650
vn 0.2328 -0.1379 0.9627
vn -0.4291 -0.1607 -0.8888
vn 0.4163 0.9090 -0.0201
vn 0.7475 -0.5230 -0.4096
vn -0.4954 -0.6364 -0.5913
vn -0.5841 -0.6989 -0.4128
vn 0.0791 -0.9009 -0.4267
vn 0.0269 0.9193 0.3926
vn -0.3754 -0.6855 0.6237
vn -0.7131 0.3426 0.6116
vn -0.1646 0.0174 0.9862
vn -0.6734 -0.3097 0.6713
vn -0.5962 -0.2208 0.7719
vn -0.8003 -0.1673 0.5758
vn 0.1256 0.7554 0.6432
vn -0.7455 0.4574 -0.4848
vn -0.4480 0.7688 -0.4563
vn -0.8653 0.4555 0.2093
vn 0.3181 -0.8645 -0.3892
vn -0.8464 -0.1770 -0.5023
vn -0.5020 -0.5165 -0.6937
vn 0.2378 -0.4072 0.8818
vn -0.3388 -0.4231 0.8403
vn -0.3168 0.6739 0.6674
vn -0.2940 0.9124 0.2846
vn 0.3747 -0.0157 0.9270
vn 0.2345 -0.1404 0.9619
vn -0.8677 0.3020 -0.3947
vn -0.6207 0.3587 -0.6972
vn 0.7963 0.0269 -0.6043
vn 0.0309 0.7003 0.7132
vn 0.0584 0.2739 0.9600
vn -0.1875 0.9821 -0.0162
vn 0.1341 -0.8772 -0.4610
vn -0.5477 0.2903 0.7847
vn -0.2757 -0.0821 -0.9577
vn -0.1391 -0.9402 0.3110
vn 0.8930 -0.2761 0.3555
vn 0.5793 -0.0317 0.8145
vn 0.4829 -0.5528 -0.6791
vn 0.2348 -0.9615 -0.1427
vn -0.0773 -0.1542 -0.9850
vn 0.1126 0.6951 0.7101
vn 0.1846 0.0950 0.9782
vn -0.4959 0.7939 0.3518
vn 0.3974 0.4608 0.7936
vn 0.6646 -0.7326 -0.1471
vn -0.1330 -0.1865 -0.9734
vn 0.6968 0.0642 -0.7144
vn 0.9986 0.0381 0.0363
vn -0.8377 0.5461 0.0040
vn 0.1938 -0.1983 0.9608
vn 0.5433 -0.4195 -0.7272
vn 0.7381 -0.6204 0.2652
vn 0.0631 0.1914 -0.9795
vn 0.5482 -0.8308 0.0961
vn 0.4187 0.1759 0.8909
vn 0.7382 -0.6201 0.2655
vn 0.4484 0.5439 -0.7093
vn 0.3627 0.3807 0.8506
vn 0.2738 -0.1245 0.9537
vn -0.4460 0.1440 0.8834
vn -0.3931 0.5153 -0.7615
vn 0.7548 0.3478 -0.5561
vn 0.9883 0.0506 -0.1435
vn -0.1138 -0.9673 -0.2265
vn 0.9185 -0.2758 -0.2832
vn 0.1620 -0.5423 0.8244
vn -0.2923 0.5156 -0.8054
vn 0.6730 -0.6080 0.4212
vn -0.5516 0.8049 0.2189
vn 0.5835 -0.5460 -0.6012
vn 0.9697 -0.1151 0.2154
vn 0.5849 -0.4547 -0.6717
vn 0.7396 -0.6725 0.0261
vn 0.8878 0.4055 -0.2175
vn -0.2581 -0.8610 -0.4382
vn 0.0080 0.8707 -0.4918
vn 0.9488 0.3141 -0.0340
vn -0.0088 0.4851 -0.8744
vn -0.7733 0.4605 -0.4358
vn -0.0240 0.2407 0.9703
vn -0.0214 -0.0658 -0.9976
vn 0.1860 0.9815 -0.0450
vn -0.9826 0.0783 0.1684
vn -0.4408 0.8526 -0.2807
vn 0.8797 -0.4180 -0.2268
vn 0.0362 -0.7077 -0.7056
vn -0.7016 0.6758 -0.2259
vn -0.8311 -0.5560 0.0141
vn -0.8187 0.4471 -0.3602
vn -0.5601 0.3344 -0.7579
vn -0.9704 -0.2272 -0.0818
vn 0.2753 0.0414 0.9605
vn -0.8747 0.4845 0.0113
vn -0.7514 0.5904 -0.2947
vn -0.0225 -0.0385 -0.9990
vn -0.2134 0.3906 -0.8955
vn -0.3244 -0.5943 -0.7359
vn -0.1157 0.0728 -0.9906
vn -0.5164 0.1593 -0.8414
vn 0.4198 0.5547 0.7184
vn 0.7447 -0.0327 0.6666
vn -0.4755 0.6782 0.5604
vn 0.8833 0.4532 -0.1201
vn -0.2166 -0.1520 -0.9643
vn 0.1783 0.9328 -0.3132
vn 0.1050 0.1654 0.9806
vn 0.8954 0.3213 0.3081
vn 0.7157 -0.6019 -0.3543
vn 0.7997 0.5645 0.2044
vn 0.7505 0.6449 -0.1446
vn 0.9011 0.4148 0.1265
vn -0.6817 -0.6526 -0.3308
vn 0.7293 -0.6818 0.0581
vn 0.1057 0.2537 -0.9615
vn -0.6084 0.7932 0.0280
vn -0.8545 0.5191 -0.0204
vn 0.6128 -0.7894 0.0352
vn -0.7792 -0.5765 -0.2460
vn -0.7308 0.6732 0.1130
vn -0.1364 -0.1450 0.9800
vn -0.1081 -0.1729 0.9790
vn -0.1646 -0.2149 0.9627
vn 0.2519 0.3199 -0.9133
vn 0.2164 0.3344 -0.9172
vn 0.2187 0.3197 -0.9220
vn 0.3834 0.7574 -0.5285
vn -0.0767 -0.8697 -0.4875
vn 0.2986 0.6678 -0.6818
vn 0.4657 -0.2836 0.8383
vn -0.7802 -0.6231 0.0549
vn -0.0548 -0.3023 0.9516
vn -0.5177 0.1734 -0.8378
vn 0.0045 0.5594 -0.8289
vn -0.4522 -0.0126 -0.8918
vn 0.4294 -0.3647 -0.8262
vn -0.4379 -0.1738 -0.8821
vn 0.3073 -0.3692 -0.8771
vn -0.1586 0.1627 -0.9738
vn -0.2152 -0.8209 -0.5290
vn -0.1302 0.5120 0.8490
vn -0.1272 0.8600 0.4941
vn -0.6005 0.7888 0.1309
vn 0.6197 0.7118 0.3307
vn -0.4886 0.1915 0.8513
vn -0.6905 0.7217 -0.0488
vn -0.3980 0.8556 0.3309
vn 0.6142 0.5750 -0.5405
vn -0.3575 0.7495 0.5572
vn 0.0976 0.2452 -0.9646
vn -0.3589 0.8505 -0.3844
vn -0.0284 0.5776 -0.8158
vn -0.4430 0.8962 0.0245
vn 0.4036 0.4765 0.7810
vn -0.6539 0.6971 0.2940
vn 0.5860 -0.2534 0.7697
vn 0.7975 -0.3322 0.5037
vn 0.3223 0.9460 0.0357
vn 0.6404 -0.4414 0.6285
vn 0.3674 -0.6027 0.7083
vn -0.0135 -0.3396 0.9405
vn 0.5881 -0.2883 0.7556
vn 0.0628 -0.8634 -0.5006
vn -0.0096 0.6699 0.7424
vn 0.9293 0.3649 -0.0579
vn 0.1333 0.9280 0.3480
vn -0.1333 -0.9280 -0.3480
vn 0.0430 -0.3563 0.9334
vn 0.8365 -0.3137 -0.4493
vn -0.2749 -0.4172 0.8662
vn -0.7961 -0.3615 0.4854
vn -0.7187 0.2183 0.6601
vn -0.2954 -0.2465 0.9230
vn -0.8892 -0.3419 0.3041
vn -0.9259 -0.1941 -0.3242
vn -0.2519 0.5115 -0.8215
vn -0.9675 -0.1444 -0.2074
vn -0.5797 -0.5808 -0.5715
vn -0.5781 0.4386 -0.6881
vn -0.9676 -0.1447 -0.2067
vn -0.9676 -0.1448 -0.2069
vn -0.6539 0.1918 -0.7318
vn -0.7952 0.3808 -0.4719
vn -0.9025 0.4101 0.1312
vn 0.4806 0.0098 0.8769
vn 0.6702 -0.6413 0.3737
vn 0.0073 -0.3672 0.9301
vn 0.4365 0.8564 -0.2757
vn -0.1387 -0.2970 -0.9448
vn 0.1181 -0.0641 -0.9909
vn -0.1566 0.2239 0.9620
vn -0.9768 -0.1661 -0.1353
vn -0.7951 0.3808 -0.4720
vn -0.7952 0.3811 -0.4716
vn -0.7676 0.5146 -0.3820
vn -0.8461 0.5062 0.1671
vn -0.1967 0.9709 0.1365
vn -0.0216 0.0709 -0.9972
vn 0.2617 -0.2898 0.9206
vn 0.6168 -0.0469 0.7857
vn 0.1101 0.2043 0.9727
vn 0.1300 0.3587 0.9244
vn 0.3185 -0.9422 0.1044
vn -0.3448 -0.4953 0.7974
vn 0.5452 -0.8288 0.1261
vn -0.8093 0.4913 -0.3219
vn -0.6628 0.5527 0.5051
vn -0.9878 0.0984 0.1207
vn 0.0386 0.3988 0.9162
vn 0.3597 0.4946 0.7912
vn 0.9081 -0.0128 0.4185
vn 0.9616 -0.2419 0.1296
vn 0.1535 -0.3106 0.9381
vn 0.6049 -0.0605 -0.7940
vn 0.5301 -0.4445 0.7221
vn 0.2872 0.1460 0.9467
vn 0.3042 -0.5349 0.7883
vn 0.4043 -0.2942 0.8660
vn -0.5641 0.5142 -0.6460
vn -0.3053 0.0225 -0.9520
vn 0.2420 -0.1181 -0.9631
vn -0.7367 -0.6742 -0.0522
vn -0.3886 -0.9023 -0.1866
vn -0.9342 -0.3466 0.0845
vn 0.3769 0.9041 0.2012
vn 0.6224 0.7212 0.3043
vn 0.4990 0.7731 0.3916
vn 0.6562 -0.4614 -0.5971
vn -0.0486 0.4913 0.8696
vn 0.0601 0.1731 0.9831
vn 0.1379 0.3448 0.9285
vn -0.1503 0.1520 -0.9769
vn 0.1401 0.6613 0.7369
vn -0.7007 -0.3084 -0.6433
vn 0.3941 -0.0581 0.9172
vn -0.3926 0.2760 -0.8774
vn -0.4982 0.3863 -0.7763
vn -0.4984 0.4099 -0.7639
vn 0.7135 0.1100 -0.6919
vn -0.1341 -0.9239 -0.3585
vn 0.3028 0.3164 0.8990
vn 0.2324 -0.2393 0.9427
vn -0.8413 -0.0328 0.5395
vn -0.1668 -0.1713 0.9710
vn -0.8317 0.5359 0.1453
vn -0.6158 0.6064 0.5031
vn 0.2120 0.0558 0.9757
vn 0.6351 -0.5709 0.5203
vn 0.2134 0.1681 0.9624
vn 0.3621 -0.3374 0.8689
vn 0.4498 0.2580 0.8551
vn 0.4386 -0.6163 0.6541
vn 0.4717 0.1526 0.8684
vn 0.7240 -0.5415 0.4273
vn 0.5416 -0.5221 0.6589
vn 0.6347 -0.7401 0.2223
vn 0.1008 0.1312 0.9862
vn -0.9696 0.2407 -0.0431
vn -0.6666 0.7224 0.1839
vn -0.3790 0.3788 0.8444
vn 0.2288 0.2334 0.9451
vn 0.2287 -0.5920 0.7728
vn 0.5137 -0.8291 0.2208
vn -0.7321 0.6727 0.1076
vn 0.0407 0.2009 -0.9788
vn 0.8648 0.4835 0.1352
vn 0.6444 -0.7637 0.0389
vn 0.5769 0.6479 0.4974
vn 0.2446 0.9592 0.1420
vn 0.2556 -0.9638 0.0759
vn -0.3163 0.4542 0.8329
vn -0.8535 -0.3160 -0.4144
vn 0.3037 0.3940 0.8675
vn 0.6675 -0.1914 0.7196
vn -0.7526 -0.6025 0.2658
vn 0.3711 0.2085 0.9049
vn -0.2665 0.4757 0.8382
vn -0.0556 0.7132 0.6987
vn -0.3932 -0.7610 0.5161
vn 0.0166 -0.0119 0.9998
vn 0.1914 0.1802 0.9648
vn -0.4814 0.8356 -0.2646
vn 0.0962 0.5274 0.8441
vn -0.0348 -0.5377 0.8424
vn -0.0313 0.5252 0.8504
vn -0.4354 -0.8971 0.0744
vn 0.6443 -0.7637 0.0392
vn -0.4960 0.1545 0.8545
vn 0.4523 -0.3169 0.8336
vn 0.6162 -0.3887 0.6849
vn 0.6097 0.5621 -0.5589
vn -0.5751 0.6411 -0.5082
vn -0.0027 0.1655 -0.9862
vn -0.1382 0.8947 0.4248
vn 0.6697 -0.3061 0.6766
vn -0.4769 0.7745 0.4155
vn 0.2560 -0.0260 0.9663
vn 0.0326 -0.7814 0.6232
vn -0.4275 0.6748 0.6016
vn 0.2630 -0.7455 0.6124
vn -0.9984 -0.0564 -0.0044
vn 0.6341 0.0503 0.7716
vn -0.1976 0.0808 0.9770
vn -0.1230 -0.1362 0.9830
vn -0.0032 0.7181 0.6959
vn 0.6702 -0.3364 0.6616
vn -0.0917 0.6969 0.7113
vn -0.0550 0.8204 0.5692
vn -0.0136 0.0150 0.9998
vn -0.6979 -0.7087 0.1034
vn -0.0915 0.6968 0.7114
vn -0.0483 0.9651 0.2572
vn 0.3819 -0.0390 0.9234
vn 0.0194 0.8442 0.5357
vn -0.0855 0.6607 -0.7458
vn 0.4834 0.0875 0.8710
vn 0.3791 -0.4041 0.8324
vn -0.3322 0.3584 0.8725
vn -0.1448 0.9706 0.1925
vn -0.0668 0.8148 0.5759
vn 0.1733 0.9685 0.1791
vn 0.1533 0.8604 -0.4860
vn 0.5056 -0.7681 0.3929
vn 0.1062 -0.4735 -0.8744
vn -0.2770 -0.0565 -0.9592
vn -0.5732 0.5583 -0.5999
vn -0.6908 0.5409 -0.4798
vn 0.2464 0.0932 0.9647
vn 0.3686 -0.1387 0.9192
vn -0.2781 -0.7049 -0.6525
vn 0.5106 -0.8532 0.1066
vn 0.4946 0.2321 0.8375
vn 0.6128 -0.0928 0.7848
vn -0.0079 -0.0094 0.9999
vn 0.8291 -0.2516 0.4993
vn -0.9560 0.0134 0.2929
vn -0.8994 0.4152 0.1365
vn -0.2355 -0.2798 -0.9307
vn -0.4699 0.7425 0.4774
vn -0.6127 0.3987 -0.6824
vn 0.7247 -0.5820 -0.3688
vn 0.9853 0.1566 0.0686
vn 0.9605 0.1522 -0.2331
vn 0.8005 0.2700 -0.5350
vn 0.8054 0.1898 -0.5615
vn 0.0239 -0.0149 -0.9996
vn -0.0324 0.1709 0.9848
vn 0.3685 0.6770 0.6371
vn -0.5650 0.5606 -0.6054
vn -0.4550 0.7556 0.4712
vn -0.0656 0.4996 0.8638
vn 0.3798 -0.1340 0.9153
vn 0.8145 0.4453 0.3719
vn 0.1495 0.4910 0.8582
vn 0.9408 0.3170 -0.1203
vn -0.4687 -0.3051 -0.8290
vn -0.0318 0.4129 -0.9102
vn -0.8230 0.5574 -0.1094
vn 0.8521 -0.3581 -0.3816
vn -0.3804 -0.5757 -0.7238
vn 0.6064 -0.6904 0.3946
vn -0.3376 -0.6506 0.6803
vn -0.2375 0.5760 0.7822
vn 0.5756 -0.2062 0.7913
vn 0.6494 -0.3563 0.6718
vn 0.7429 -0.4219 0.5197
vn 0.6396 -0.6763 0.3654
vn 0.9447 0.2652 0.1930
vn -0.3957 0.7541 -0.5242
vn -0.5625 0.8253 -0.0501
vn -0.6374 0.4545 -0.6222
vn 0.0205 -0.4518 -0.8919
vn 0.1698 0.2141 0.9619
vn 0.4962 0.2283 0.8377
vn 0.4741 0.1593 0.8660
vn 0.6090 0.1649 0.7758
vn 0.3144 0.1259 0.9409
vn 0.7450 -0.4456 -0.4963
vn -0.2294 -0.2204 -0.9480
vn -0.5915 0.4496 -0.6693
vn -0.1496 -0.4407 -0.8851
vn -0.1930 -0.2224 -0.9557
vn -0.3901 0.7012 -0.5968
vn -0.5716 0.7289 -0.3768
vn 0.5701 -0.7508 0.3335
vn -0.2233 0.6758 0.7024
vn 0.5533 -0.4119 -0.7240
vn 0.4659 0.2049 0.8608
vn 0.2838 0.0883 0.9548
vn 0.6354 0.4493 0.6280
vn 0.3643 -0.0678 0.9288
vn 0.5187 -0.4117 0.7493
vn -0.4784 0.5545 0.6809
vn 0.9390 0.3426 0.0286
vn 0.7722 0.3904 -0.5013
vn -0.1022 -0.1543 -0.9827
vn 0.3727 0.9165 0.1455
vn -0.0056 -0.6371 0.7707
vn -0.1083 0.9044 0.4126
vn 0.3539 0.6660 0.6567
vn 0.1604 -0.9385 -0.3058
vn -0.2725 0.9073 0.3203
vn 0.6069 0.1150 0.7864
vn -0.0659 0.5135 0.8556
vn 0.4930 -0.3745 0.7854
vn -0.1361 0.8130 0.5662
vn -0.3349 0.9109 0.2408
vn -0.4502 0.8807 0.1474
vn -0.3705 0.6941 0.6172
vn 0.6587 -0.7385 -0.1439
vn 0.4173 0.3375 -0.8438
vn -0.4719 -0.0505 -0.8802
vn -0.2286 0.4636 0.8560
vn 0.6705 0.7355 -0.0971
vn 0.5840 -0.8112 -0.0287
vn 0.8199 -0.4733 0.3221
vn 0.7490 0.1062 0.6540
vn -0.4740 0.7458 -0.4680
vn 0.8843 -0.0287 -0.4660
vn 0.9031 0.3142 -0.2929
vn -0.8115 -0.4215 -0.4047
vn -0.5508 -0.0936 0.8294
vn 0.1497 -0.9189 0.3651
vn 0.2173 0.4913 0.8435
vn 0.8356 0.2125 0.5065
vn -0.8487 0.2186 -0.4815
vn 0.2715 0.6635 -0.6972
vn -0.3452 0.7330 -0.5861
vn 0.8034 0.4222 0.4198
vn -0.9963 0.0664 -0.0554
vn -0.4161 0.6283 -0.6574
vn -0.3182 0.9159 -0.2448
vn 0.3042 0.6254 -0.7186
vn -0.4994 0.8151 -0.2936
vn -0.4207 0.8636 -0.2779
vn -0.6852 0.6420 -0.3438
vn 0.4949 0.7023 -0.5117
vn 0.5071 0.6547 -0.5606
vn 0.8244 -0.3824 0.4173
vn 0.1501 0.7243 -0.6729
vn 0.5865 0.5744 -0.5711
vn 0.6781 0.6041 0.4186
vn 0.8679 0.3860 0.3128
vn 0.1723 0.8708 0.4605
vn 0.3542 0.9054 -0.2343
vn -0.0614 0.7766 0.6270
vn -0.0666 0.8383 0.5411
vn 0.3426 0.8603 0.3775
vt 0.116794 0.659342
vt 0.115107 0.633960
vt 0.120872 0.657207
vt 0.711418 0.122512
vt 0.725794 0.143991
vt 0.704298 0.132732
vt 0.702735 0.141133
vt 0.603805 0.853907
vt 0.594100 0.844437
vt 0.621666 0.849339
vt 0.131173 0.640008
vt 0.124525 0.650330
vt 0.700818 0.138949
vt 0.701285 0.139307
vt 0.701435 0.139018
vt 0.702052 0.139475
vt 0.701376 0.139572
vt 0.700841 0.131566
vt 0.708592 0.164228
vt 0.709253 0.164455
vt 0.708680 0.164659
vt 0.708987 0.163830
vt 0.704467 0.143740
vt 0.723604 0.164788
vt 0.708765 0.162616
vt 0.114138 0.002073
vt 0.113897 0.002629
vt 0.113863 0.001881
vt 0.996287 0.265917
vt 0.996354 0.266959
vt 0.996111 0.266407
vt 0.996455 0.265798
vt 0.997448 0.267057
vt 0.115174 0.004120
vt 0.113389 0.004896
vt 0.994672 0.268297
vt 0.114716 0.002158
vt 0.115588 0.001559
vt 0.996084 0.265761
vt 0.996298 0.265859
vt 0.996098 0.266310
vt 0.995462 0.266714
vt 0.991419 0.267814
vt 0.991671 0.268879
vt 0.992331 0.269597
vt 0.992042 0.268682
vt 0.991428 0.267592
vt 0.046903 0.999071
vt 0.047041 0.999082
vt 0.046917 0.998254
vt 0.995278 0.266109
vt 0.008459 0.131359
vt 0.008769 0.130687
vt 0.010139 0.131803
vt 0.991056 0.269231
vt 0.991848 0.269876
vt 0.992788 0.274809
vt 0.991531 0.267705
vt 0.991972 0.268417
vt 0.009456 0.130357
vt 0.010089 0.130072
vt 0.407038 0.780200
vt 0.436859 0.783558
vt 0.410707 0.792036
vt 0.393985 0.233636
vt 0.434122 0.224517
vt 0.426507 0.245161
vt 0.618043 0.855044
vt 0.134563 0.627813
vt 0.361270 0.397999
vt 0.368262 0.364217
vt 0.366466 0.424575
vt 0.198152 0.782993
vt 0.205874 0.788037
vt 0.198956 0.793389
vt 0.209442 0.787099
vt 0.216405 0.788267
vt 0.978384 0.196222
vt 0.984952 0.198529
vt 0.985230 0.198984
vt 0.986322 0.200314
vt 0.985390 0.196038
vt 0.984076 0.191111
vt 0.992373 0.193746
vt 0.992384 0.190240
vt 0.015469 0.219237
vt 0.024563 0.217874
vt 0.021546 0.224379
vt 0.004293 0.320227
vt 0.004227 0.319223
vt 0.005171 0.320862
vt 0.007554 0.321155
vt 0.006183 0.321858
vt 0.007633 0.318538
vt 0.006435 0.322211
vt 0.970141 0.998857
vt 0.970935 0.998884
vt 0.970766 0.998235
vt 0.970174 0.998220
vt 0.971309 0.998212
vt 0.005467 0.320720
vt 0.216054 0.794541
vt 0.215512 0.795037
vt 0.216676 0.794688
vt 0.008295 0.319091
vt 0.005322 0.321334
vt 0.006036 0.321765
vt 0.005535 0.322033
vt 0.009920 0.317346
vt 0.009010 0.317663
vt 0.216593 0.794923
vt 0.217148 0.794991
vt 0.217721 0.795306
vt 0.009391 0.317961
vt 0.008543 0.318545
vt 0.009533 0.318409
vt 0.792422 0.787242
vt 0.806884 0.800346
vt 0.782920 0.800356
vt 0.006417 0.021154
vt 0.004587 0.018704
vt 0.002064 0.019104
vt 0.005479 0.018958
vt 0.004826 0.020910
vt 0.005139 0.019094
vt 0.004616 0.019528
vt 0.005303 0.019407
vt 0.887305 0.263513
vt 0.915715 0.267565
vt 0.903093 0.269042
vt 0.007436 0.354567
vt 0.013128 0.358216
vt 0.011764 0.359701
vt 0.618428 0.069598
vt 0.618303 0.069371
vt 0.618086 0.069248
vt 0.619789 0.069842
vt 0.007698 0.359276
vt 0.618374 0.067728
vt 0.625903 0.074800
vt 0.629017 0.056132
vt 0.618624 0.069272
vt 0.618251 0.069149
vt 0.617803 0.068052
vt 0.012860 0.360524
vt 0.013263 0.360942
vt 0.840616 0.999506
vt 0.840719 0.999193
vt 0.840353 0.999249
vt 0.616605 0.067876
vt 0.616962 0.067906
vt 0.617135 0.067897
vt 0.616996 0.067898
vt 0.874954 0.520597
vt 0.892310 0.537689
vt 0.886595 0.551358
vt 0.744340 0.955832
vt 0.725188 0.948402
vt 0.737621 0.936420
vt 0.322866 0.027851
vt 0.325733 0.046878
vt 0.308153 0.040127
vt 0.319401 0.364153
vt 0.323940 0.382899
vt 0.293485 0.375659
vt 0.564785 0.007215
vt 0.566116 0.009508
vt 0.566074 0.009049
vt 0.565653 0.009272
vt 0.564529 0.009372
vt 0.565706 0.008960
vt 0.565838 0.009133
vt 0.565875 0.009324
vt 0.912881 0.139776
vt 0.912853 0.140049
vt 0.912770 0.139779
vt 0.912693 0.143107
vt 0.912556 0.139791
vt 0.912812 0.140630
vt 0.007350 0.952343
vt 0.004266 0.950416
vt 0.006989 0.951707
vt 0.006386 0.949821
vt 0.773949 0.995228
vt 0.774302 0.997083
vt 0.775602 0.996909
vt 0.775134 0.994766
vt 0.773660 0.996395
vt 0.649834 0.396741
vt 0.578062 0.379683
vt 0.625200 0.364997
vt 0.774543 0.996537
vt 0.774233 0.996650
vt 0.774308 0.996424
vt 0.058561 0.653093
vt 0.054247 0.647831
vt 0.062276 0.630663
vt 0.007092 0.944790
vt 0.004741 0.940293
vt 0.009069 0.938115
vt 0.100610 0.410525
vt 0.088788 0.404263
vt 0.095275 0.396779
vt 0.913443 0.145889
vt 0.904925 0.138316
vt 0.898241 0.143140
vt 0.899481 0.152989
vt 0.895302 0.147944
vt 0.898421 0.142622
vt 0.897760 0.143277
vt 0.898025 0.142679
vt 0.913877 0.150529
vt 0.906320 0.155756
vt 0.913625 0.149446
vt 0.233194 0.989310
vt 0.234641 0.988542
vt 0.237010 0.993721
vt 0.914340 0.150290
vt 0.233800 0.987035
vt 0.244411 0.989956
vt 0.080025 0.397682
vt 0.091184 0.397226
vt 0.232859 0.984985
vt 0.086718 0.859460
vt 0.075301 0.872253
vt 0.070739 0.847114
vt 0.832300 0.918212
vt 0.823672 0.915920
vt 0.827403 0.907930
vt 0.945953 0.995650
vt 0.946968 0.996545
vt 0.946375 0.996866
vt 0.841138 0.782421
vt 0.841561 0.773572
vt 0.846949 0.776439
vt 0.635761 0.001448
vt 0.635765 0.002632
vt 0.637331 0.001956
vt 0.158362 0.004745
vt 0.160151 0.005050
vt 0.157890 0.003462
vt 0.159752 0.005737
vt 0.160180 0.006115
vt 0.159768 0.005412
vt 0.157266 0.005642
vt 0.159413 0.005574
vt 0.044757 0.420890
vt 0.033600 0.422332
vt 0.045648 0.405548
vt 0.020004 0.587388
vt 0.018564 0.589879
vt 0.018462 0.587531
vt 0.023203 0.586893
vt 0.827957 0.766795
vt 0.924982 0.905801
vt 0.920076 0.901807
vt 0.923534 0.902183
vt 0.161001 0.005964
vt 0.970525 0.373778
vt 0.978433 0.372573
vt 0.973020 0.383384
vt 0.979330 0.382151
vt 0.973547 0.384428
vt 0.948240 0.995296
vt 0.947887 0.995783
vt 0.590041 0.996472
vt 0.588409 0.995932
vt 0.590200 0.996247
vt 0.590420 0.995804
vt 0.024852 0.595508
vt 0.025098 0.599755
vt 0.019771 0.601002
vt 0.840489 0.787645
vt 0.025565 0.593895
vt 0.025528 0.588155
vt 0.015464 0.594849
vt 0.922133 0.916473
vt 0.917398 0.902742
vt 0.191546 0.980103
vt 0.190678 0.988085
vt 0.184581 0.979147
vt 0.291919 0.001310
vt 0.290904 0.002303
vt 0.292687 0.002756
vt 0.410630 0.004450
vt 0.410120 0.003231
vt 0.411670 0.003434
vt 0.937404 0.786916
vt 0.938650 0.802527
vt 0.922328 0.792586
vt 0.808913 0.774002
vt 0.806886 0.776014
vt 0.802482 0.779756
vt 0.807738 0.775830
vt 0.818385 0.780382
vt 0.590780 0.994931
vt 0.018081 0.597143
vt 0.808421 0.783034
vt 0.807597 0.776433
vt 0.808486 0.776690
vt 0.906715 0.903869
vt 0.909689 0.904221
vt 0.911346 0.914711
vt 0.586808 0.995019
vt 0.453079 0.018110
vt 0.447099 0.013741
vt 0.455766 0.013722
vt 0.916657 0.902952
vt 0.985110 0.926564
vt 0.988703 0.928599
vt 0.980896 0.929560
vt 0.979486 0.931395
vt 0.796674 0.783087
vt 0.969014 0.015429
vt 0.967871 0.010298
vt 0.975148 0.014115
vt 0.455083 0.013578
vt 0.911458 0.903184
vt 0.360450 0.861593
vt 0.364051 0.878425
vt 0.338605 0.873084
vt 0.101260 0.969904
vt 0.101835 0.963220
vt 0.106473 0.975412
vt 0.129753 0.296450
vt 0.135970 0.298088
vt 0.138021 0.301382
vt 0.138406 0.301172
vt 0.138204 0.301404
vt 0.137929 0.296925
vt 0.284393 0.018548
vt 0.284325 0.012596
vt 0.287978 0.013494
vt 0.288351 0.016920
vt 0.955177 0.792735
vt 0.959957 0.801346
vt 0.954037 0.797266
vt 0.981507 0.927254
vt 0.177589 0.986564
vt 0.137990 0.301526
vt 0.138400 0.301538
vt 0.738017 0.894130
vt 0.731154 0.895791
vt 0.742239 0.891380
vt 0.974456 0.933928
vt 0.976295 0.931495
vt 0.777323 0.007133
vt 0.778541 0.006865
vt 0.776725 0.009535
vt 0.991097 0.981562
vt 0.992602 0.974191
vt 0.993160 0.974657
vt 0.273829 0.999285
vt 0.274171 0.998629
vt 0.274388 0.999093
vt 0.350906 0.856159
vt 0.346393 0.853750
vt 0.350848 0.856231
vt 0.040023 0.001913
vt 0.040727 0.001408
vt 0.041071 0.002056
vt 0.483585 0.817619
vt 0.462380 0.819473
vt 0.464019 0.808081
vt 0.784261 0.570393
vt 0.789864 0.574115
vt 0.787047 0.609829
vt 0.274944 0.998986
vt 0.274666 0.998498
vt 0.541081 0.999464
vt 0.541533 0.999485
vt 0.541561 0.998998
vt 0.041115 0.001160
vt 0.541087 0.998858
vt 0.541611 0.998521
vt 0.041495 0.001643
vt 0.035979 0.021348
vt 0.034484 0.022540
vt 0.033921 0.021365
vt 0.038132 0.816989
vt 0.042263 0.832693
vt 0.029169 0.825414
vt 0.480246 0.694357
vt 0.475422 0.691232
vt 0.495922 0.695131
vt 0.479376 0.054461
vt 0.481296 0.048492
vt 0.479885 0.054546
vt 0.025543 0.029404
vt 0.033225 0.021348
vt 0.033590 0.021611
vt 0.480677 0.054835
vt 0.480250 0.054329
vt 0.581813 0.112927
vt 0.566237 0.122684
vt 0.563984 0.117463
vt 0.243102 0.131967
vt 0.239296 0.143611
vt 0.238723 0.143674
vt 0.229761 0.149831
vt 0.239050 0.144191
vt 0.261303 0.142504
vt 0.239586 0.144047
vt 0.958868 0.789247
vt 0.960251 0.788554
vt 0.480323 0.054803
vt 0.480532 0.055440
vt 0.239167 0.143940
vt 0.370125 0.076554
vt 0.355289 0.079486
vt 0.363181 0.070448
vt 0.968218 0.793584
vt 0.962369 0.789373
vt 0.976342 0.929364
vt 0.249435 0.152682
vt 0.101284 0.964117
vt 0.101189 0.963772
vt 0.101318 0.963884
vt 0.101045 0.961482
vt 0.028373 0.828262
vt 0.027865 0.828563
vt 0.028099 0.829089
vt 0.030479 0.832040
vt 0.028693 0.828957
vt 0.101473 0.964062
vt 0.101424 0.963746
vt 0.028225 0.828702
vt 0.456230 0.738917
vt 0.468802 0.728593
vt 0.474073 0.742638
vt 0.373822 0.066124
vt 0.374762 0.065921
vt 0.742392 0.899881
vt 0.375245 0.066068
vt 0.375441 0.065757
vt 0.742915 0.899877
vt 0.505232 0.676891
vt 0.511780 0.686177
vt 0.504353 0.675396
vt 0.504978 0.676377
vt 0.504766 0.676786
vt 0.505058 0.676606
vt 0.505676 0.676344
vt 0.949038 0.119880
vt 0.947127 0.116772
vt 0.959871 0.123117
vt 0.386861 0.070607
vt 0.510027 0.675898
vt 0.471672 0.045023
vt 0.465661 0.047269
vt 0.466157 0.042744
vt 0.102747 0.956990
vt 0.105262 0.959106
vt 0.365490 0.093419
vt 0.854682 0.367721
vt 0.857868 0.346949
vt 0.862884 0.368678
vt 0.608338 0.118891
vt 0.601770 0.139380
vt 0.519219 0.695507
vt 0.502872 0.700666
vt 0.508888 0.710042
vt 0.831353 0.586153
vt 0.831873 0.586853
vt 0.829259 0.594312
vt 0.108579 0.017456
vt 0.108617 0.011254
vt 0.109905 0.013532
vt 0.397505 0.980194
vt 0.389929 0.988063
vt 0.384134 0.987640
vt 0.857387 0.599335
vt 0.857491 0.599271
vt 0.857463 0.599460
vt 0.859064 0.601275
vt 0.857285 0.600828
vt 0.845340 0.592625
vt 0.106616 0.017011
vt 0.892994 0.996681
vt 0.892749 0.997738
vt 0.891792 0.995731
vt 0.857312 0.599412
vt 0.857318 0.599197
vt 0.414952 0.196985
vt 0.442056 0.190613
vt 0.468632 0.190802
vt 0.891468 0.997330
vt 0.890692 0.998015
vt 0.890094 0.997761
vt 0.987434 0.650519
vt 0.986642 0.648537
vt 0.991592 0.653761
vt 0.470885 0.004833
vt 0.469182 0.007084
vt 0.468388 0.004939
vt 0.891312 0.997961
vt 0.991662 0.650623
vt 0.997304 0.653634
vt 0.993897 0.661066
vt 0.427798 0.982240
vt 0.422850 0.975828
vt 0.434170 0.976044
vt 0.427723 0.981483
vt 0.419778 0.979465
vt 0.427031 0.981560
vt 0.427387 0.981042
vt 0.831864 0.586130
vt 0.832083 0.585754
vt 0.832010 0.586007
vt 0.832079 0.585247
vt 0.997818 0.927919
vt 0.998207 0.926673
vt 0.998634 0.926009
vt 0.995811 0.926586
vt 0.997969 0.926601
vt 0.998185 0.926576
vt 0.987887 0.649669
vt 0.988968 0.656025
vt 0.427406 0.981487
vt 0.963922 0.217740
vt 0.972365 0.229913
vt 0.969680 0.234422
vt 0.832038 0.586189
vt 0.832120 0.585831
vt 0.834434 0.580592
vt 0.832585 0.584447
vt 0.832607 0.584056
vt 0.832675 0.584283
vt 0.998182 0.926452
vt 0.969022 0.468862
vt 0.975152 0.456117
vt 0.976113 0.465528
vt 0.874837 0.609722
vt 0.598862 0.107929
vt 0.832725 0.584459
vt 0.832905 0.584131
vt 0.102463 0.868435
vt 0.120391 0.852911
vt 0.126303 0.854933
vt 0.675825 0.012464
vt 0.677104 0.009358
vt 0.675378 0.007159
vt 0.518360 0.113683
vt 0.518516 0.113559
vt 0.518772 0.113775
vt 0.502532 0.117409
vt 0.542677 0.104093
vt 0.518184 0.113075
vt 0.522155 0.092177
vt 0.518916 0.113313
vt 0.974267 0.214869
vt 0.974617 0.217902
vt 0.974376 0.218315
vt 0.974170 0.219407
vt 0.397016 0.984757
vt 0.389943 0.988646
vt 0.845342 0.575881
vt 0.831708 0.591306
vt 0.838970 0.576042
vt 0.838689 0.576005
vt 0.838970 0.575926
vt 0.838897 0.576090
vt 0.838733 0.576082
vt 0.837542 0.576135
vt 0.837787 0.563142
vt 0.122417 0.852207
vt 0.144125 0.236682
vt 0.143678 0.235477
vt 0.146510 0.233463
vt 0.974442 0.218052
vt 0.974230 0.217935
vt 0.389591 0.988820
vt 0.389489 0.989502
vt 0.389801 0.988822
vt 0.389850 0.989017
vt 0.397225 0.984628
vt 0.397422 0.984168
vt 0.397635 0.984088
vt 0.397774 0.983737
vt 0.397664 0.984172
vt 0.397756 0.984338
vt 0.837080 0.577884
vt 0.837030 0.578047
vt 0.836623 0.578177
vt 0.836320 0.577867
vt 0.839011 0.576104
vt 0.839286 0.576323
vt 0.838937 0.576166
vt 0.838586 0.576158
vt 0.839507 0.576466
vt 0.120400 0.851977
vt 0.993329 0.634518
vt 0.996255 0.634841
vt 0.990026 0.633554
vt 0.153627 0.183492
vt 0.140229 0.190084
vt 0.139806 0.189141
vt 0.922169 0.015782
vt 0.922406 0.018224
vt 0.908169 0.019964
vt 0.837155 0.578366
vt 0.836691 0.578218
vt 0.735945 0.673903
vt 0.719240 0.661449
vt 0.744168 0.654889
vt 0.124596 0.851043
vt 0.737465 0.005612
vt 0.734678 0.005919
vt 0.736748 0.003035
vt 0.734488 0.005464
vt 0.006759 0.498993
vt 0.006844 0.497530
vt 0.013092 0.501930
vt 0.734990 0.006658
vt 0.734786 0.006107
vt 0.734415 0.004585
vt 0.606286 0.937719
vt 0.604982 0.936658
vt 0.605445 0.936020
vt 0.006296 0.497848
vt 0.143302 0.235087
vt 0.142290 0.235233
vt 0.139370 0.190034
vt 0.139179 0.189349
vt 0.142244 0.235672
vt 0.141667 0.235496
vt 0.138841 0.189611
vt 0.141424 0.235542
vt 0.141510 0.236092
vt 0.747441 0.656273
vt 0.751544 0.673692
vt 0.746467 0.652581
vt 0.746989 0.654030
vt 0.126891 0.851918
vt 0.734075 0.006221
vt 0.007035 0.496592
vt 0.006755 0.495452
vt 0.007398 0.496220
vt 0.008877 0.498254
vt 0.007235 0.494603
vt 0.007547 0.495905
vt 0.007050 0.495215
vt 0.007836 0.495238
vt 0.008409 0.496097
vt 0.603698 0.938255
vt 0.143829 0.233920
vt 0.142928 0.235056
vt 0.143078 0.234844
vt 0.142206 0.235075
vt 0.142194 0.235216
vt 0.141441 0.235177
vt 0.140882 0.235575
vt 0.691094 0.285670
vt 0.689545 0.269693
vt 0.692814 0.258875
vt 0.828409 0.942041
vt 0.830524 0.938928
vt 0.841249 0.935354
vt 0.125436 0.850579
vt 0.126081 0.850327
vt 0.765603 0.065917
vt 0.760692 0.050998
vt 0.773705 0.055081
vt 0.482120 0.006900
vt 0.481831 0.007106
vt 0.482850 0.007273
vt 0.480446 0.006777
vt 0.480039 0.008021
vt 0.477168 0.005471
vt 0.732427 0.911658
vt 0.733631 0.919437
vt 0.732353 0.915768
vt 0.730462 0.003975
vt 0.729428 0.002616
vt 0.730531 0.002742
vt 0.729203 0.003566
vt 0.729194 0.003026
vt 0.483267 0.007875
vt 0.728758 0.003508
vt 0.728937 0.002632
vt 0.482028 0.006531
vt 0.481331 0.004573
vt 0.480477 0.009480
vt 0.483384 0.008003
vt 0.480722 0.006208
vt 0.716641 0.837332
vt 0.694626 0.832053
vt 0.695395 0.827505
vt 0.142977 0.233531
vt 0.141505 0.232944
vt 0.729996 0.002170
vt 0.730117 0.001725
vt 0.729165 0.004132
vt 0.727977 0.004300
vt 0.728979 0.002232
vt 0.729631 0.001979
vt 0.729702 0.001494
vt 0.728224 0.003711
vt 0.479385 0.011268
vt 0.418544 0.188920
vt 0.213004 0.451935
vt 0.196514 0.427357
vt 0.218371 0.421914
vt 0.730449 0.007030
vt 0.480068 0.012060
vt 0.732026 0.927245
vt 0.732329 0.926515
vt 0.118044 0.369186
vt 0.120045 0.357857
vt 0.135721 0.359550
vt 0.089237 0.997916
vt 0.089052 0.997798
vt 0.089036 0.998049
vt 0.622884 0.022005
vt 0.625707 0.025669
vt 0.622539 0.023058
vt 0.622254 0.022080
vt 0.631074 0.023468
vt 0.623418 0.027282
vt 0.622530 0.023459
vt 0.805093 0.000754
vt 0.805809 0.000670
vt 0.805528 0.001538
vt 0.805068 0.002175
vt 0.994782 0.395963
vt 0.985199 0.393171
vt 0.994843 0.383018
vt 0.017852 0.777840
vt 0.016191 0.779823
vt 0.012482 0.775274
vt 0.734636 0.928515
vt 0.217637 0.473197
vt 0.214367 0.470396
vt 0.213766 0.469401
vt 0.088794 0.997921
vt 0.088735 0.998120
vt 0.303129 0.005683
vt 0.302940 0.005358
vt 0.302980 0.005714
vt 0.303106 0.005246
vt 0.302576 0.005372
vt 0.301912 0.004283
vt 0.088889 0.999618
vt 0.302833 0.005692
vt 0.088889 0.998885
vt 0.773431 0.044943
vt 0.312309 0.862430
vt 0.325237 0.863466
vt 0.319103 0.868928
vt 0.732519 0.926337
vt 0.732564 0.926395
vt 0.732755 0.926259
vt 0.773911 0.000991
vt 0.773548 0.001044
vt 0.774178 0.001262
vt 0.126667 0.001987
vt 0.126450 0.001295
vt 0.127323 0.001287
vt 0.125980 0.001838
vt 0.126309 0.001651
vt 0.126329 0.001276
vt 0.774302 0.001645
vt 0.774302 0.002163
vt 0.773274 0.001676
vt 0.201746 0.473615
vt 0.213787 0.469988
vt 0.213309 0.470561
vt 0.087872 0.998554
vt 0.087944 0.999282
vt 0.732522 0.926533
vt 0.774487 0.001047
vt 0.774464 0.002129
vt 0.126383 0.000622
vt 0.126911 0.000503
vt 0.125911 0.000500
vt 0.126304 0.000636
vt 0.972449 0.826970
vt 0.974097 0.826739
vt 0.975869 0.829573
vt 0.369393 0.002254
vt 0.370246 0.001337
vt 0.369399 0.000789
vt 0.188409 0.045331
vt 0.184145 0.034116
vt 0.196702 0.030401
vt 0.042925 0.724510
vt 0.034216 0.727258
vt 0.038864 0.727276
vt 0.038585 0.725685
vt 0.038936 0.726436
vt 0.039281 0.727097
vt 0.039244 0.721135
vt 0.038966 0.725629
vt 0.549086 0.081222
vt 0.546283 0.085023
vt 0.536740 0.077276
vt 0.684955 0.480764
vt 0.690142 0.472503
vt 0.692376 0.481243
vt 0.710105 0.469949
vt 0.699351 0.480323
vt 0.186180 0.029808
vt 0.916071 0.993020
vt 0.915500 0.991827
vt 0.915371 0.992227
vt 0.186092 0.029096
vt 0.950404 0.001368
vt 0.949762 0.000672
vt 0.949785 0.001328
vt 0.950130 0.001824
vt 0.915144 0.991512
vt 0.096700 0.459236
vt 0.098301 0.472763
vt 0.089689 0.473312
vt 0.362519 0.999794
vt 0.362508 0.999224
vt 0.361926 0.999351
vt 0.361887 0.999807
vt 0.361362 0.999750
vt 0.362271 0.998708
vt 0.640703 0.496493
vt 0.654791 0.465135
vt 0.680362 0.492731
vt 0.536884 0.072036
vt 0.535880 0.068644
vt 0.189395 0.024065
vt 0.949281 0.001853
vt 0.916020 0.993323
vt 0.917111 0.993939
vt 0.915349 0.994397
vt 0.916583 0.995681
vt 0.471561 0.893473
vt 0.470891 0.888916
vt 0.479708 0.899406
vt 0.199608 0.706731
vt 0.209984 0.680915
vt 0.224522 0.692949
vt 0.788116 0.001232
vt 0.787627 0.000971
vt 0.787926 0.001696
vt 0.787293 0.001479
vt 0.078345 0.318452
vt 0.090924 0.308718
vt 0.092991 0.312652
vt 0.689029 0.484384
vt 0.697553 0.481587
vt 0.696407 0.481338
vt 0.004645 0.580056
vt 0.007395 0.581664
vt 0.004167 0.582354
vt 0.031333 0.711491
vt 0.537294 0.072682
vt 0.537150 0.072892
vt 0.537360 0.073106
vt 0.096228 0.477985
vt 0.015599 0.048312
vt 0.013399 0.045459
vt 0.021368 0.048469
vt 0.537112 0.073185
vt 0.537159 0.073388
vt 0.536850 0.073043
vt 0.528471 0.077039
vt 0.932546 0.166703
vt 0.944129 0.154843
vt 0.952736 0.162164
vt 0.789613 0.446513
vt 0.813826 0.416071
vt 0.797092 0.444522
vt 0.198248 0.449644
vt 0.197974 0.449836
vt 0.198567 0.449689
vt 0.150520 0.973911
vt 0.146379 0.976148
vt 0.147407 0.972570
vt 0.149015 0.980545
vt 0.137775 0.982372
vt 0.006387 0.580377
vt 0.146908 0.983425
vt 0.146093 0.984073
vt 0.537083 0.073371
vt 0.536967 0.073273
vt 0.645463 0.235716
vt 0.640493 0.258775
vt 0.625842 0.232793
vt 0.197677 0.449832
vt 0.197377 0.450394
vt 0.197952 0.449605
vt 0.198363 0.449325
vt 0.197712 0.449553
vt 0.191108 0.456313
vt 0.197549 0.449372
vt 0.014734 0.038591
vt 0.714523 0.355257
vt 0.731170 0.362930
vt 0.723683 0.381744
vt 0.012077 0.268598
vt 0.014389 0.270994
vt 0.008668 0.270440
vt 0.009379 0.275420
vt 0.465416 0.092439
vt 0.456000 0.077844
vt 0.473268 0.089435
vt 0.481681 0.896464
vt 0.015889 0.277805
vt 0.012299 0.279299
vt 0.782628 0.424254
vt 0.984298 0.079231
vt 0.984735 0.065458
vt 0.989161 0.070975
vt 0.454833 0.093124
vt 0.960721 0.587255
vt 0.965721 0.592702
vt 0.956649 0.592448
vt 0.420695 0.154076
vt 0.454341 0.171577
vt 0.450704 0.176946
vt 0.503267 0.964434
vt 0.508253 0.971101
vt 0.504216 0.973120
vt 0.036319 0.717671
vt 0.036189 0.717114
vt 0.036507 0.717521
vt 0.036701 0.717722
vt 0.036779 0.717386
vt 0.041425 0.707616
vt 0.221321 0.972522
vt 0.213878 0.964308
vt 0.222846 0.960444
vt 0.702960 0.607677
vt 0.718667 0.623622
vt 0.694295 0.625105
vt 0.473868 0.876915
vt 0.464867 0.880607
vt 0.514438 0.962688
vt 0.513153 0.968645
vt 0.192522 0.466003
vt 0.255847 0.108575
vt 0.269109 0.119750
vt 0.263261 0.123292
vt 0.535027 0.082338
vt 0.780327 0.444194
vt 0.768085 0.462146
vt 0.759305 0.438669
vt 0.373723 0.761721
vt 0.397497 0.758516
vt 0.403529 0.755645
vt 0.446027 0.138539
vt 0.941094 0.018943
vt 0.941287 0.013011
vt 0.941577 0.015559
vt 0.397076 0.759256
vt 0.396470 0.759107
vt 0.397087 0.759010
vt 0.396792 0.758521
vt 0.968322 0.595647
vt 0.965156 0.595732
vt 0.964512 0.595863
vt 0.964981 0.595949
vt 0.151789 0.961781
vt 0.156400 0.958906
vt 0.153662 0.961887
vt 0.800682 0.398177
vt 0.382388 0.750034
vt 0.965273 0.596038
vt 0.964801 0.596144
vt 0.160176 0.957595
vt 0.158586 0.956689
vt 0.158986 0.955877
vt 0.157396 0.957337
vt 0.160144 0.958244
vt 0.158663 0.957888
vt 0.159447 0.954237
vt 0.158621 0.953343
vt 0.156607 0.956873
vt 0.157189 0.955081
vt 0.158056 0.956504
vt 0.156399 0.955442
vt 0.157878 0.950687
vt 0.159180 0.944919
vt 0.876368 0.409203
vt 0.864377 0.397237
vt 0.884354 0.407175
vt 0.482235 0.883525
vt 0.482152 0.885162
vt 0.327792 0.992247
vt 0.320462 0.983303
vt 0.327741 0.986045
vt 0.200106 0.019945
vt 0.197455 0.019915
vt 0.199396 0.017246
vt 0.199953 0.015969
vt 0.940951 0.011079
vt 0.159440 0.404631
vt 0.170831 0.391475
vt 0.174103 0.396844
vt 0.446220 0.379812
vt 0.421666 0.404075
vt 0.438059 0.357133
vt 0.382420 0.766301
vt 0.386061 0.765322
vt 0.386227 0.783348
vt 0.713985 0.286945
vt 0.726873 0.278433
vt 0.711835 0.311073
vt 0.031626 0.846124
vt 0.030220 0.855920
vt 0.023742 0.847152
vt 0.746656 0.783668
vt 0.748461 0.796781
vt 0.737671 0.798681
vt 0.640055 0.329270
vt 0.606081 0.356187
vt 0.609588 0.323841
vt 0.207802 0.020350
vt 0.547946 0.016147
vt 0.546214 0.014967
vt 0.545727 0.012105
vt 0.548594 0.018296
vt 0.547554 0.019245
vt 0.374433 0.999441
vt 0.369360 0.995316
vt 0.374937 0.996911
vt 0.035682 0.861039
vt 0.381975 0.959796
vt 0.388478 0.964128
vt 0.387563 0.963769
vt 0.372167 0.994284
vt 0.388501 0.964703
vt 0.388354 0.964467
vt 0.388373 0.965134
vt 0.691588 0.991862
vt 0.691363 0.982044
vt 0.694267 0.994930
vt 0.208930 0.971905
vt 0.209022 0.965117
vt 0.205730 0.027086
vt 0.541987 0.015833
vt 0.544836 0.010583
vt 0.388125 0.964211
vt 0.388287 0.964781
vt 0.374671 0.996134
vt 0.375048 0.995858
vt 0.374811 0.995667
vt 0.374529 0.995725
vt 0.373886 0.995222
vt 0.375754 0.993514
vt 0.374003 0.995145
vt 0.623611 0.263499
vt 0.423521 0.383943
vt 0.412115 0.388369
vt 0.037432 0.849786
vt 0.379143 0.969707
vt 0.375072 0.995813
vt 0.375561 0.995496
vt 0.374889 0.995350
vt 0.374825 0.995663
vt 0.374545 0.995423
vt 0.373814 0.994618
vt 0.372808 0.993122
vt 0.384405 0.000776
vt 0.384381 0.001106
vt 0.384856 0.001119
vt 0.372142 0.993298
vt 0.384551 0.000562
vt 0.384831 0.001685
vt 0.384354 0.001616
vt 0.373170 0.990842
vt 0.371624 0.993225
vt 0.384684 0.001936
vt 0.374859 0.989546
vt 0.373040 0.991598
vt 0.936980 0.022859
vt 0.951514 0.027800
vt 0.946783 0.041530
vt 0.625956 0.265418
vt 0.625944 0.264957
vt 0.625844 0.265281
vt 0.604681 0.268724
vt 0.625668 0.265289
vt 0.624621 0.261696
vt 0.624476 0.261191
vt 0.624308 0.261573
vt 0.623985 0.261378
vt 0.543386 0.009154
vt 0.423158 0.384399
vt 0.423539 0.384560
vt 0.423232 0.384896
vt 0.373025 0.993183
vt 0.384384 0.000755
vt 0.384282 0.000538
vt 0.384308 0.001061
vt 0.373236 0.992149
vt 0.372986 0.992496
vt 0.373005 0.991989
vt 0.373073 0.991701
vt 0.624268 0.261891
vt 0.035539 0.842002
vt 0.516641 0.068814
vt 0.507170 0.076815
vt 0.515960 0.064655
vt 0.341539 0.919675
vt 0.343112 0.915641
vt 0.359909 0.921670
vt 0.218831 0.084004
vt 0.209546 0.087643
vt 0.196595 0.084747
vt 0.309100 0.816091
vt 0.304953 0.813184
vt 0.305038 0.812802
vt 0.292712 0.801442
vt 0.290943 0.814363
vt 0.304607 0.813124
vt 0.304699 0.812777
vt 0.763968 0.794642
vt 0.753246 0.798219
vt 0.946534 0.250993
vt 0.948224 0.250999
vt 0.943712 0.255149
vt 0.304880 0.812996
vt 0.513814 0.059670
vt 0.591595 0.237186
vt 0.083605 0.565464
vt 0.076057 0.552278
vt 0.085967 0.543430
vt 0.688930 0.638592
vt 0.689052 0.637963
vt 0.211802 0.025567
vt 0.429614 0.022055
vt 0.427529 0.022122
vt 0.431876 0.020119
vt 0.987223 0.486006
vt 0.987937 0.485703
vt 0.989658 0.486809
vt 0.951334 0.256163
vt 0.945937 0.261632
vt 0.943898 0.262130
vt 0.474147 0.015993
vt 0.469618 0.023123
vt 0.472600 0.016833
vt 0.469692 0.023166
vt 0.469541 0.023687
vt 0.469567 0.023440
vt 0.469297 0.023279
vt 0.469460 0.023276
vt 0.429400 0.018447
vt 0.427475 0.023154
vt 0.690421 0.643915
vt 0.712985 0.641736
vt 0.857985 0.972859
vt 0.859995 0.971204
vt 0.867198 0.976215
vt 0.747485 0.449567
vt 0.757961 0.452960
vt 0.757938 0.452391
vt 0.757799 0.452691
vt 0.373463 0.968902
vt 0.859169 0.968038
vt 0.865660 0.970646
vt 0.757642 0.452976
vt 0.757670 0.452360
vt 0.459509 0.111919
vt 0.464201 0.100062
vt 0.482353 0.103467
vt 0.993754 0.323305
vt 0.990673 0.327635
vt 0.987067 0.321410
vt 0.990916 0.476011
vt 0.983993 0.479508
vt 0.983907 0.477075
vt 0.324438 0.005449
vt 0.325307 0.006968
vt 0.324941 0.006998
vt 0.325268 0.005399
vt 0.429900 0.016966
vt 0.926564 0.119007
vt 0.909829 0.116514
vt 0.927736 0.112664
vt 0.482627 0.987651
vt 0.473479 0.983976
vt 0.483753 0.976867
vt 0.947302 0.261646
vt 0.325563 0.006659
vt 0.324531 0.006857
vt 0.324630 0.007181
vt 0.325685 0.007918
vt 0.984614 0.012801
vt 0.982875 0.011545
vt 0.984551 0.013504
vt 0.983642 0.012244
vt 0.984911 0.013106
vt 0.324825 0.007687
vt 0.324626 0.008491
vt 0.324470 0.008756
vt 0.324750 0.009041
vt 0.325273 0.009197
vt 0.325714 0.009041
vt 0.326066 0.007902
vt 0.324762 0.009520
vt 0.076382 0.000650
vt 0.076628 0.001505
vt 0.076355 0.001491
vt 0.076739 0.001230
vt 0.077119 0.000869
vt 0.076882 0.001134
vt 0.076566 0.001729
vt 0.907654 0.516408
vt 0.911447 0.501280
vt 0.915800 0.517925
vt 0.486495 0.972814
vt 0.988543 0.479105
vt 0.954858 0.251032
vt 0.953245 0.257948
vt 0.494852 0.070931
vt 0.993879 0.012730
vt 0.985135 0.014433
vt 0.983784 0.012600
vt 0.982575 0.011438
vt 0.981747 0.010606
vt 0.324686 0.009455
vt 0.324489 0.009080
vt 0.077605 0.000581
vt 0.077118 0.001496
vt 0.077155 0.001929
vt 0.077273 0.001007
vt 0.076597 0.001818
vt 0.076656 0.001514
vt 0.076922 0.001206
vt 0.276006 0.711447
vt 0.282622 0.712061
vt 0.288144 0.715461
vt 0.437334 0.017640
vt 0.970930 0.698876
vt 0.971326 0.698637
vt 0.974059 0.700992
vt 0.113986 0.047430
vt 0.128180 0.049075
vt 0.105515 0.059483
vt 0.869638 0.970268
vt 0.872706 0.970646
vt 0.991770 0.490171
vt 0.994886 0.490772
vt 0.789433 0.986938
vt 0.792282 0.990821
vt 0.792647 0.997408
vt 0.796811 0.992973
vt 0.797809 0.994813
vt 0.874448 0.972881
vt 0.983081 0.477833
vt 0.982478 0.482063
vt 0.977005 0.479437
vt 0.786812 0.991481
vt 0.783390 0.997374
vt 0.246214 0.061915
vt 0.246684 0.076507
vt 0.228382 0.065120
vt 0.224348 0.296434
vt 0.242111 0.306209
vt 0.236203 0.310029
vt 0.242791 0.306559
vt 0.242350 0.306004
vt 0.245629 0.307478
vt 0.926494 0.098852
vt 0.930590 0.102453
vt 0.062833 0.015726
vt 0.065298 0.021165
vt 0.056081 0.024748
vt 0.911724 0.103798
vt 0.242825 0.305950
vt 0.242213 0.305715
vt 0.950290 0.506232
vt 0.955015 0.502605
vt 0.949656 0.508014
vt 0.957050 0.258086
vt 0.955358 0.502428
vt 0.955003 0.502333
vt 0.955697 0.502245
vt 0.951513 0.500833
vt 0.955677 0.502528
vt 0.873550 0.980015
vt 0.950399 0.267482
vt 0.952019 0.266074
vt 0.954987 0.270191
vt 0.955911 0.502400
vt 0.956097 0.502676
vt 0.956062 0.502181
vt 0.228982 0.277120
vt 0.232067 0.282629
vt 0.045036 0.937232
vt 0.044466 0.938073
vt 0.037712 0.937996
vt 0.032551 0.933428
vt 0.030947 0.933051
vt 0.030918 0.932787
vt 0.983457 0.481993
vt 0.959209 0.500235
vt 0.962529 0.505159
vt 0.035799 0.934579
vt 0.037190 0.936932
vt 0.983671 0.482015
vt 0.983839 0.482462
vt 0.983647 0.482410
vt 0.957051 0.259215
vt 0.084520 0.038489
vt 0.091037 0.049259
vt 0.079305 0.055741
vt 0.063128 0.059506
vt 0.034392 0.938414
vt 0.030670 0.932683
vt 0.028356 0.931744
vt 0.022612 0.933194
vt 0.902306 0.182624
vt 0.901856 0.190360
vt 0.894708 0.190718
vt 0.903932 0.188447
vt 0.954837 0.499191
vt 0.695448 0.005218
vt 0.699036 0.010412
vt 0.691934 0.009326
vt 0.790588 0.985605
vt 0.273151 0.739028
vt 0.260834 0.736264
vt 0.256145 0.727708
vt 0.293646 0.738755
vt 0.237703 0.076129
vt 0.297923 0.719076
vt 0.464121 0.021355
vt 0.459224 0.022741
vt 0.458110 0.021619
vt 0.887587 0.434907
vt 0.881419 0.421196
vt 0.888897 0.433228
vt 0.887851 0.699337
vt 0.906206 0.687799
vt 0.905305 0.710582
vt 0.460845 0.027906
vt 0.464799 0.023819
vt 0.462955 0.030467
vt 0.460800 0.026392
vt 0.464906 0.025796
vt 0.891017 0.429988
vt 0.454438 0.720754
vt 0.437986 0.717700
vt 0.450432 0.715833
vt 0.449651 0.711465
vt 0.901047 0.198338
vt 0.237186 0.646785
vt 0.206736 0.664996
vt 0.230667 0.645922
vt 0.287749 0.741721
vt 0.460340 0.028453
vt 0.450590 0.715781
vt 0.450641 0.715619
vt 0.450537 0.714982
vt 0.450678 0.715778
vt 0.450819 0.715876
vt 0.450742 0.715698
vt 0.450536 0.715818
vt 0.450996 0.715505
vt 0.507170 0.197848
vt 0.504181 0.229645
vt 0.470944 0.216619
vt 0.917010 0.232806
vt 0.917451 0.234814
vt 0.915814 0.235000
vt 0.450725 0.715519
vt 0.913382 0.235339
vt 0.911093 0.233521
vt 0.913698 0.234488
vt 0.961271 0.273429
vt 0.968613 0.264368
vt 0.968146 0.277805
vt 0.915207 0.235061
vt 0.469489 0.221230
vt 0.919804 0.215337
vt 0.911205 0.699654
vt 0.246656 0.651680
vt 0.194453 0.074596
vt 0.187499 0.059420
vt 0.208604 0.067102
vt 0.888727 0.065914
vt 0.893019 0.085062
vt 0.884241 0.074141
vt 0.902178 0.063544
vt 0.898921 0.078208
vt 0.111272 0.171463
vt 0.098056 0.176294
vt 0.105806 0.156112
vt 0.897359 0.083350
vt 0.564894 0.625605
vt 0.577932 0.652884
vt 0.539439 0.632935
vt 0.298154 0.677943
vt 0.327586 0.699484
vt 0.322736 0.708161
vt 0.093053 0.158683
vt 0.222470 0.639831
vt 0.904332 0.078911
vt 0.978918 0.240849
vt 0.978744 0.230480
vt 0.984577 0.242909
vt 0.476454 0.829821
vt 0.486750 0.829366
vt 0.481878 0.843218
vt 0.051975 0.592186
vt 0.049330 0.594565
vt 0.049331 0.594435
vt 0.054030 0.594771
vt 0.049233 0.594520
vt 0.049270 0.594420
vt 0.033271 0.594569
vt 0.048912 0.594638
vt 0.156530 0.550750
vt 0.142736 0.544013
vt 0.152165 0.530558
vt 0.983654 0.703154
vt 0.980888 0.707759
vt 0.043311 0.910524
vt 0.038963 0.910151
vt 0.041569 0.910246
vt 0.041609 0.908931
vt 0.744664 0.003506
vt 0.745063 0.005351
vt 0.743650 0.005700
vt 0.041723 0.911242
vt 0.041612 0.910767
vt 0.041444 0.910781
vt 0.114807 0.180176
vt 0.114778 0.180347
vt 0.114402 0.179883
vt 0.919843 0.232702
vt 0.901816 0.085105
vt 0.012538 0.117842
vt 0.004523 0.114949
vt 0.010763 0.109160
vt 0.041744 0.900653
vt 0.054300 0.904066
vt 0.115049 0.181115
vt 0.115344 0.180442
vt 0.114926 0.180349
vt 0.347035 0.902489
vt 0.361215 0.907090
vt 0.350863 0.913331
vt 0.548090 0.063525
vt 0.543075 0.066876
vt 0.539231 0.063756
vt 0.528737 0.056759
vt 0.551902 0.050874
vt 0.941650 0.525765
vt 0.934406 0.522185
vt 0.944130 0.519654
vt 0.330799 0.697591
vt 0.631460 0.986538
vt 0.624043 0.981290
vt 0.632379 0.979072
vt 0.623642 0.981426
vt 0.623963 0.981530
vt 0.623727 0.981197
vt 0.623977 0.981351
vt 0.939888 0.514784
vt 0.441833 0.697777
vt 0.442248 0.702567
vt 0.442642 0.702687
vt 0.442001 0.702221
vt 0.442388 0.702399
vt 0.216834 0.860528
vt 0.216337 0.867274
vt 0.214714 0.865823
vt 0.231574 0.860636
vt 0.228073 0.871504
vt 0.837595 0.221802
vt 0.828753 0.208131
vt 0.845490 0.208091
vt 0.980129 0.402891
vt 0.969518 0.409476
vt 0.975490 0.394893
vt 0.228504 0.050359
vt 0.241866 0.037764
vt 0.241705 0.048445
vt 0.236724 0.036261
vt 0.009492 0.007316
vt 0.007585 0.012558
vt 0.006938 0.007756
vt 0.186377 0.950224
vt 0.197862 0.945533
vt 0.201395 0.955360
vt 0.322853 0.888154
vt 0.323113 0.899354
vt 0.321438 0.888406
vt 0.859102 0.210759
vt 0.858942 0.214589
vt 0.445283 0.693583
vt 0.641641 0.622912
vt 0.633883 0.604679
vt 0.620730 0.594988
vt 0.242128 0.050797
vt 0.930967 0.519291
vt 0.926672 0.512593
vt 0.756738 0.894494
vt 0.767105 0.905397
vt 0.752741 0.902306
vt 0.202175 0.944627
vt 0.012968 0.005866
vt 0.012349 0.013780
vt 0.556368 0.287585
vt 0.587430 0.280206
vt 0.589991 0.301653
vt 0.583852 0.805100
vt 0.585317 0.806693
vt 0.585969 0.806404
vt 0.586835 0.806178
vt 0.014109 0.005757
vt 0.013610 0.005697
vt 0.013553 0.005888
vt 0.199931 0.944016
vt 0.200835 0.943407
vt 0.022394 0.121627
vt 0.021114 0.113150
vt 0.024838 0.116951
vt 0.237197 0.030676
vt 0.217382 0.855388
vt 0.207727 0.851003
vt 0.219359 0.869935
vt 0.013350 0.005010
vt 0.219063 0.870428
vt 0.013870 0.005643
vt 0.027783 0.118266
vt 0.798580 0.149785
vt 0.810001 0.130583
vt 0.800237 0.157038
vt 0.241876 0.044446
vt 0.241850 0.043966
vt 0.242082 0.043455
vt 0.918167 0.975334
vt 0.918537 0.974873
vt 0.917537 0.975297
vt 0.921424 0.965599
vt 0.918085 0.974919
vt 0.922146 0.973671
vt 0.922388 0.446919
vt 0.921488 0.435043
vt 0.932833 0.443600
vt 0.014696 0.006232
vt 0.017223 0.010379
vt 0.586496 0.807305
vt 0.200753 0.942890
vt 0.051121 0.983842
vt 0.055578 0.988607
vt 0.051899 0.988697
vt 0.914526 0.974671
vt 0.979351 0.349769
vt 0.980198 0.351270
vt 0.971593 0.354863
vt 0.584642 0.806541
vt 0.200123 0.942521
vt 0.025471 0.115288
vt 0.026007 0.116961
vt 0.575207 0.321017
vt 0.505250 0.526416
vt 0.462476 0.564456
vt 0.480404 0.513595
vt 0.967090 0.354536
vt 0.979084 0.347928
vt 0.983677 0.356482
vt 0.575183 0.809030
vt 0.198620 0.942681
vt 0.981054 0.356621
vt 0.979231 0.342243
vt 0.981319 0.347195
vt 0.976648 0.343357
vt 0.502081 0.960051
vt 0.500511 0.956826
vt 0.507458 0.960131
vt 0.590468 0.809501
vt 0.332242 0.907283
vt 0.332415 0.908007
vt 0.332182 0.907646
vt 0.335696 0.906114
vt 0.331188 0.914755
vt 0.332039 0.907392
vt 0.327243 0.908491
vt 0.332151 0.908046
vt 0.982164 0.780019
vt 0.980229 0.785021
vt 0.977854 0.782293
vt 0.912168 0.973331
vt 0.563331 0.879164
vt 0.563520 0.879383
vt 0.563041 0.879220
vt 0.981876 0.340898
vt 0.313451 0.903016
vt 0.313232 0.902175
vt 0.980750 0.668044
vt 0.989145 0.669546
vt 0.986063 0.670922
vt 0.983484 0.671823
vt 0.978589 0.669134
vt 0.563230 0.879019
vt 0.558699 0.884894
vt 0.566556 0.875739
vt 0.563723 0.879087
vt 0.572217 0.878242
vt 0.503844 0.951616
vt 0.510885 0.956691
vt 0.504990 0.948361
vt 0.704849 0.016635
vt 0.698861 0.023672
vt 0.698327 0.017830
vt 0.627786 0.600650
vt 0.591507 0.615550
vt 0.978954 0.670682
vt 0.735362 0.997006
vt 0.728533 0.990437
vt 0.738709 0.989642
vt 0.731560 0.986647
vt 0.499707 0.953151
vt 0.503497 0.951927
vt 0.970971 0.349289
vt 0.973996 0.341581
vt 0.504667 0.018562
vt 0.509206 0.019062
vt 0.500620 0.021165
vt 0.628773 0.600898
vt 0.627967 0.600346
vt 0.012328 0.469884
vt 0.009796 0.473326
vt 0.009090 0.470698
vt 0.011900 0.470848
vt 0.337300 0.912062
vt 0.285391 0.057611
vt 0.306311 0.048315
vt 0.288323 0.062338
vt 0.502580 0.024647
vt 0.628359 0.600802
vt 0.628615 0.601295
vt 0.629493 0.601844
vt 0.801072 0.158560
vt 0.802076 0.161127
vt 0.993489 0.669438
vt 0.987442 0.665787
vt 0.514678 0.949479
vt 0.511648 0.943859
vt 0.516405 0.946209
vt 0.990062 0.626831
vt 0.991797 0.621100
vt 0.990486 0.627974
vt 0.801123 0.019110
vt 0.802724 0.027166
vt 0.798553 0.024884
vt 0.803293 0.026621
vt 0.985564 0.633241
vt 0.976295 0.629870
vt 0.985181 0.621530
vt 0.630507 0.602777
vt 0.797799 0.161699
vt 0.675870 0.788138
vt 0.676723 0.771225
vt 0.674017 0.778486
vt 0.007215 0.473364
vt 0.008006 0.470528
vt 0.702047 0.025353
vt 0.701987 0.027483
vt 0.429121 0.000539
vt 0.429517 0.000878
vt 0.429103 0.000957
vt 0.674761 0.779235
vt 0.698536 0.781641
vt 0.005369 0.470831
vt 0.798264 0.027288
vt 0.796860 0.028647
vt 0.797927 0.029067
vt 0.799741 0.029478
vt 0.464089 0.508198
vt 0.799386 0.998948
vt 0.799798 0.998905
vt 0.799168 0.999455
vt 0.799062 0.998777
vt 0.799286 0.998336
vt 0.799431 0.998699
vt 0.429606 0.001374
vt 0.798697 0.998336
vt 0.429101 0.001451
vt 0.674421 0.778642
vt 0.674542 0.778149
vt 0.789666 0.025552
vt 0.308624 0.069156
vt 0.630868 0.602657
vt 0.631476 0.603233
vt 0.315202 0.051753
vt 0.309779 0.047022
vt 0.017752 0.466037
vt 0.014825 0.464799
vt 0.020726 0.464569
vt 0.014919 0.345079
vt 0.008163 0.346858
vt 0.011030 0.335195
vt 0.631005 0.602981
vt 0.631266 0.603537
vt 0.649152 0.004352
vt 0.651019 0.003782
vt 0.648724 0.006371
vt 0.988093 0.034466
vt 0.988259 0.039445
vt 0.984917 0.035838
vt 0.012098 0.466081
vt 0.013619 0.460854
vt 0.010677 0.464819
vt 0.011098 0.466508
vt 0.248173 0.705379
vt 0.233494 0.714802
vt 0.229393 0.702549
vt 0.633888 0.605234
vt 0.985779 0.032586
vt 0.984969 0.032253
vt 0.985113 0.031977
vt 0.651801 0.003572
vt 0.654502 0.008358
vt 0.652657 0.009523
vt 0.986260 0.038570
vt 0.011361 0.465445
vt 0.011235 0.465902
vt 0.010787 0.465576
vt 0.634012 0.605646
vt 0.634332 0.605947
vt 0.984893 0.033041
vt 0.651904 0.003876
vt 0.681766 0.823801
vt 0.681812 0.825915
vt 0.660373 0.826451
vt 0.679261 0.766486
vt 0.980115 0.026922
vt 0.985259 0.031769
vt 0.985108 0.029927
vt 0.633591 0.605428
vt 0.634157 0.606225
vt 0.843856 0.374560
vt 0.852062 0.380929
vt 0.840627 0.386581
vt 0.606433 0.021136
vt 0.600102 0.014592
vt 0.604366 0.012062
vt 0.984007 0.023194
vt 0.981628 0.035347
vt 0.842744 0.375602
vt 0.312236 0.950179
vt 0.295933 0.944925
vt 0.304115 0.935033
vt 0.724312 0.987407
vt 0.724532 0.986981
vt 0.982609 0.300212
vt 0.984376 0.299962
vt 0.983004 0.299412
vt 0.102964 0.136059
vt 0.097569 0.130714
vt 0.099856 0.115015
vt 0.723330 0.987085
vt 0.724068 0.987052
vt 0.724064 0.986806
vt 0.723719 0.986871
vt 0.723602 0.986070
vt 0.993538 0.305047
vt 0.983334 0.299729
vt 0.983008 0.299617
vt 0.983288 0.299817
vt 0.982570 0.299683
vt 0.722745 0.985745
vt 0.092854 0.422512
vt 0.113996 0.432248
vt 0.101530 0.423159
vt 0.102751 0.437410
vt 0.101308 0.423887
vt 0.100631 0.423575
vt 0.100714 0.422760
vt 0.101013 0.423423
vt 0.600414 0.023419
vt 0.931139 0.579967
vt 0.942835 0.583170
vt 0.942256 0.594823
vt 0.620800 0.893595
vt 0.638032 0.880254
vt 0.638814 0.888196
vt 0.638617 0.888409
vt 0.641003 0.891958
vt 0.639229 0.888124
vt 0.107297 0.996449
vt 0.109316 0.997913
vt 0.108640 0.996679
vt 0.018646 0.510140
vt 0.030101 0.510753
vt 0.021069 0.517190
vt 0.638957 0.888376
vt 0.687244 0.859582
vt 0.704397 0.849879
vt 0.707491 0.857008
vt 0.907774 0.002579
vt 0.907788 0.004410
vt 0.909667 0.003077
vt 0.874584 0.792496
vt 0.888585 0.784690
vt 0.883262 0.793906
vt 0.008793 0.163618
vt 0.008017 0.164066
vt 0.008005 0.163155
vt 0.006428 0.157190
vt 0.005883 0.158078
vt 0.005655 0.157374
vt 0.004636 0.160516
vt 0.008453 0.162638
vt 0.007085 0.160896
vt 0.006538 0.163177
vt 0.007161 0.164037
vt 0.991381 0.316160
vt 0.992603 0.316802
vt 0.994340 0.315234
vt 0.991189 0.317043
vt 0.991275 0.317654
vt 0.949540 0.444900
vt 0.941260 0.454357
vt 0.938428 0.447988
vt 0.004126 0.157343
vt 0.996513 0.312691
vt 0.995577 0.313193
vt 0.996869 0.315385
vt 0.995030 0.312991
vt 0.993893 0.314064
vt 0.994834 0.317985
vt 0.004017 0.162415
vt 0.366706 0.792143
vt 0.376175 0.802535
vt 0.353218 0.805895
vt 0.812212 0.665128
vt 0.800922 0.641906
vt 0.816637 0.657659
vt 0.376849 0.802576
vt 0.376423 0.802426
vt 0.376545 0.802682
vt 0.593829 0.027656
vt 0.596356 0.026216
vt 0.602037 0.033215
vt 0.337080 0.016229
vt 0.341169 0.012980
vt 0.339905 0.016342
vt 0.001849 0.160108
vt 0.002063 0.160850
vt 0.997610 0.318046
vt 0.538678 0.383831
vt 0.546250 0.401030
vt 0.502823 0.419688
vt 0.376773 0.803028
vt 0.373520 0.812809
vt 0.376348 0.802758
vt 0.857627 0.773497
vt 0.631143 0.794216
vt 0.651903 0.785174
vt 0.660199 0.794238
vt 0.998381 0.317317
vt 0.998457 0.315549
vt 0.001596 0.160512
vt 0.539204 0.944625
vt 0.523096 0.950794
vt 0.528508 0.939528
vt 0.879433 0.764356
vt 0.054206 0.932817
vt 0.058523 0.940646
vt 0.044479 0.944007
vt 0.706650 0.942232
vt 0.706585 0.953803
vt 0.703728 0.953937
vt 0.183645 0.700350
vt 0.186122 0.709455
vt 0.172153 0.722722
vt 0.788422 0.121111
vt 0.767903 0.140584
vt 0.767057 0.112903
vt 0.637693 0.898922
vt 0.698138 0.948734
vt 0.699684 0.939700
vt 0.054962 0.948091
vt 0.051895 0.947112
vt 0.346473 0.010874
vt 0.345732 0.014825
vt 0.345117 0.015410
vt 0.996816 0.019117
vt 0.991780 0.017634
vt 0.995185 0.016677
vt 0.047293 0.940914
vt 0.042328 0.942721
vt 0.950714 0.229733
vt 0.954300 0.239070
vt 0.944357 0.235030
vt 0.940886 0.944136
vt 0.933092 0.946178
vt 0.934085 0.941698
vt 0.149566 0.004379
vt 0.148177 0.002610
vt 0.148785 0.001603
vt 0.978171 0.291700
vt 0.976628 0.296725
vt 0.972168 0.287153
vt 0.716841 0.794440
vt 0.719999 0.802612
vt 0.718367 0.806097
vt 0.467425 0.963228
vt 0.471444 0.961611
vt 0.472527 0.970414
vt 0.466578 0.968775
vt 0.959928 0.542246
vt 0.958869 0.548956
vt 0.958072 0.551814
vt 0.959254 0.549047
vt 0.963581 0.550475
vt 0.959096 0.548900
vt 0.344954 0.016367
vt 0.996018 0.132840
vt 0.998835 0.132587
vt 0.997591 0.133535
vt 0.998868 0.134395
vt 0.410273 0.993185
vt 0.404952 0.988149
vt 0.411103 0.989695
vt 0.688120 0.942166
vt 0.690216 0.949503
vt 0.962478 0.295011
vt 0.961160 0.291946
vt 0.876584 0.899124
vt 0.883135 0.903632
vt 0.884871 0.907556
vt 0.473498 0.961882
vt 0.479484 0.965738
vt 0.921535 0.080188
vt 0.921361 0.079858
vt 0.921100 0.080716
vt 0.959288 0.548723
vt 0.646949 0.820360
vt 0.647671 0.828410
vt 0.465897 0.385043
vt 0.483633 0.387994
vt 0.466612 0.420952
vt 0.994968 0.131642
vt 0.147269 0.003075
vt 0.664398 0.939238
vt 0.661185 0.945611
vt 0.659788 0.944566
vt 0.661066 0.946262
vt 0.661752 0.947337
vt 0.661287 0.946088
vt 0.406756 0.977650
vt 0.405698 0.978572
vt 0.407955 0.977330
vt 0.406996 0.977122
vt 0.718986 0.014822
vt 0.721984 0.022751
vt 0.717344 0.019487
vt 0.723909 0.011520
vt 0.703416 0.805732
vt 0.728348 0.015933
vt 0.015956 0.439298
vt 0.015978 0.433354
vt 0.019242 0.434623
vt 0.695370 0.845117
vt 0.465563 0.963923
vt 0.914365 0.081843
vt 0.915554 0.068794
vt 0.921820 0.079863
vt 0.921916 0.080381
vt 0.924968 0.071518
vt 0.837190 0.406889
vt 0.820991 0.391906
vt 0.656276 0.830093
vt 0.646381 0.830522
vt 0.645855 0.888051
vt 0.641238 0.897233
vt 0.343849 0.017819
vt 0.344103 0.019639
vt 0.113519 0.965139
vt 0.114351 0.961003
vt 0.121453 0.960498
vt 0.661756 0.946067
vt 0.115014 0.960173
vt 0.117362 0.953722
vt 0.661383 0.946551
vt 0.114792 0.960947
vt 0.114589 0.960520
vt 0.114150 0.960218
vt 0.663764 0.951831
vt 0.661365 0.948251
vt 0.660711 0.949008
vt 0.661070 0.949741
vt 0.078190 0.959392
vt 0.082699 0.961742
vt 0.077224 0.968131
vt 0.307158 0.892399
vt 0.301157 0.900614
vt 0.297357 0.891406
vt 0.994661 0.256225
vt 0.997050 0.254643
vt 0.997639 0.257409
vt 0.952431 0.454685
vt 0.412931 0.983730
vt 0.418932 0.984884
vt 0.419823 0.987942
vt 0.075345 0.958488
vt 0.877478 0.890219
vt 0.875184 0.886312
vt 0.026292 0.743810
vt 0.020776 0.745798
vt 0.022321 0.737846
vt 0.307473 0.881105
vt 0.314956 0.885635
vt 0.994093 0.252688
vt 0.998413 0.959670
vt 0.996240 0.960749
vt 0.996622 0.958324
vt 0.312696 0.898170
vt 0.311578 0.899918
vt 0.994725 0.960464
vt 0.829757 0.386333
vt 0.819989 0.384696
vt 0.827155 0.385245
vt 0.817999 0.390551
vt 0.565173 0.899492
vt 0.581935 0.904801
vt 0.558744 0.906561
vt 0.647832 0.840711
vt 0.942045 0.443208
vt 0.948111 0.438699
vt 0.401140 0.932170
vt 0.395807 0.930542
vt 0.401829 0.925820
vt 0.944705 0.305194
vt 0.950951 0.311360
vt 0.940411 0.306942
vt 0.676623 0.953778
vt 0.965217 0.923411
vt 0.964395 0.926413
vt 0.962062 0.925338
vt 0.419176 0.989485
vt 0.874131 0.887824
vt 0.874276 0.887165
vt 0.302762 0.881284
vt 0.873913 0.887015
vt 0.872701 0.887066
vt 0.020415 0.742443
vt 0.021181 0.747303
vt 0.994856 0.252385
vt 0.315645 0.888219
vt 0.292744 0.995813
vt 0.292214 0.997658
vt 0.292270 0.996293
vt 0.959740 0.284047
vt 0.953238 0.290856
vt 0.952904 0.277209
vt 0.291853 0.996247
vt 0.291809 0.996623
vt 0.291084 0.997254
vt 0.964641 0.573575
vt 0.965164 0.571570
vt 0.967808 0.581876
vt 0.978568 0.568805
vt 0.979420 0.569879
vt 0.978569 0.569901
vt 0.925718 0.064278
vt 0.670633 0.966274
vt 0.672258 0.974558
vt 0.667678 0.967304
vt 0.942043 0.309453
vt 0.707598 0.816526
vt 0.705403 0.818209
vt 0.732097 0.014929
vt 0.728113 0.022326
vt 0.311971 0.883501
vt 0.936336 0.130543
vt 0.944283 0.136847
vt 0.933513 0.133239
vt 0.933115 0.131512
vt 0.290192 0.996158
vt 0.290524 0.997631
vt 0.291467 0.996493
vt 0.291581 0.995755
vt 0.290250 0.997336
vt 0.290109 0.996984
vt 0.994749 0.957868
vt 0.994358 0.956393
vt 0.970229 0.576210
vt 0.023733 0.646463
vt 0.019535 0.637976
vt 0.027016 0.640203
vt 0.086667 0.988954
vt 0.087211 0.995025
vt 0.084435 0.998147
vt 0.068755 0.963659
vt 0.025468 0.749026
vt 0.021237 0.748061
vt 0.934793 0.036128
vt 0.931609 0.038807
vt 0.926553 0.041025
vt 0.929400 0.032774
vt 0.321298 0.882820
vt 0.321311 0.884861
vt 0.928968 0.069920
vt 0.924273 0.081002
vt 0.086403 0.886348
vt 0.085582 0.898013
vt 0.084260 0.897219
vt 0.824175 0.572843
vt 0.802133 0.570733
vt 0.808966 0.561096
vt 0.072768 0.959224
vt 0.937080 0.037916
vt 0.934891 0.038856
vt 0.862697 0.895075
vt 0.864950 0.894067
vt 0.859966 0.896777
vt 0.933748 0.038261
vt 0.864218 0.893777
vt 0.931955 0.038056
vt 0.941138 0.128140
vt 0.983355 0.576964
vt 0.980415 0.586020
vt 0.979271 0.580779
vt 0.944313 0.941925
vt 0.952594 0.949249
vt 0.948971 0.949672
vt 0.091830 0.897320
vt 0.133760 0.995722
vt 0.131363 0.988455
vt 0.139976 0.996271
vt 0.524099 0.005088
vt 0.529191 0.007508
vt 0.528964 0.011157
vt 0.710832 0.818232
vt 0.709563 0.817932
vt 0.712615 0.816132
vt 0.976146 0.574767
vt 0.975372 0.575493
vt 0.973202 0.570316
vt 0.859852 0.901138
vt 0.931186 0.045628
vt 0.933456 0.039003
vt 0.932702 0.038519
vt 0.943491 0.124539
vt 0.944901 0.124244
vt 0.933323 0.135555
vt 0.544947 0.971723
vt 0.535106 0.969379
vt 0.536054 0.961930
vt 0.983622 0.585261
vt 0.947434 0.949970
vt 0.074567 0.882057
vt 0.381476 0.936046
vt 0.383008 0.925230
vt 0.673624 0.939293
vt 0.975437 0.578399
vt 0.974607 0.578105
vt 0.682311 0.835286
vt 0.357987 0.970369
vt 0.368403 0.980008
vt 0.361904 0.978990
vt 0.082923 0.897352
vt 0.124265 0.952251
vt 0.967754 0.569449
vt 0.183937 0.164526
vt 0.207287 0.154900
vt 0.198310 0.185067
vt 0.082116 0.896949
vt 0.071357 0.890955
vt 0.714703 0.813880
vt 0.652479 0.136305
vt 0.634784 0.124816
vt 0.647662 0.129224
vt 0.487633 0.993292
vt 0.487310 0.996461
vt 0.485406 0.999285
vt 0.934829 0.851011
vt 0.917332 0.837246
vt 0.934927 0.826249
vt 0.975927 0.811542
vt 0.979019 0.819937
vt 0.968483 0.818278
vt 0.942533 0.352325
vt 0.939647 0.349528
vt 0.939693 0.347793
vt 0.955388 0.980393
vt 0.951884 0.978216
vt 0.952030 0.973626
vt 0.656462 0.847798
vt 0.952707 0.361782
vt 0.036649 0.993676
vt 0.042070 0.996210
vt 0.037218 0.998787
vt 0.948156 0.972802
vt 0.950882 0.977919
vt 0.951135 0.978370
vt 0.951786 0.978563
vt 0.951492 0.978068
vt 0.005886 0.861120
vt 0.003288 0.856344
vt 0.007445 0.854911
vt 0.649702 0.815156
vt 0.011618 0.368260
vt 0.016915 0.365648
vt 0.018188 0.373496
vt 0.677052 0.937452
vt 0.679971 0.940720
vt 0.071258 0.896191
vt 0.069965 0.894542
vt 0.351623 0.234019
vt 0.360744 0.238125
vt 0.346126 0.252167
vt 0.824250 0.006725
vt 0.828499 0.012337
vt 0.828655 0.016820
vt 0.570322 0.989203
vt 0.572630 0.983837
vt 0.575156 0.990749
vt 0.002604 0.457377
vt 0.009508 0.458550
vt 0.008784 0.461095
vt 0.340799 0.239278
vt 0.327674 0.240158
vt 0.753585 0.645108
vt 0.743571 0.631929
vt 0.758180 0.631608
vt 0.950955 0.966882
vt 0.958810 0.960414
vt 0.960003 0.970560
vt 0.754019 0.202937
vt 0.780876 0.213811
vt 0.770380 0.233115
vt 0.007759 0.075574
vt 0.012013 0.073984
vt 0.007785 0.078815
vt 0.050542 0.170909
vt 0.050601 0.171185
vt 0.049923 0.170797
vt 0.954202 0.829628
vt 0.948576 0.808570
vt 0.949466 0.823937
vt 0.073379 0.167268
vt 0.955002 0.829187
vt 0.956847 0.823859
vt 0.952222 0.955738
vt 0.965410 0.958032
vt 0.340721 0.258827
vt 0.050784 0.170628
vt 0.060777 0.157926
vt 0.050886 0.170911
vt 0.956043 0.826378
vt 0.050735 0.170184
vt 0.052839 0.168665
vt 0.308929 0.845522
vt 0.315279 0.853681
vt 0.297723 0.837014
vt 0.309163 0.845183
vt 0.309399 0.845434
vt 0.229555 0.194805
vt 0.229072 0.194697
vt 0.226669 0.194297
vt 0.252187 0.200063
vt 0.233999 0.212263
vt 0.229473 0.194919
vt 0.228937 0.194830
vt 0.229048 0.194995
vt 0.228619 0.194767
vt 0.956841 0.826485
vt 0.956532 0.826036
vt 0.956874 0.825739
vt 0.670564 0.030702
vt 0.668318 0.019718
vt 0.670882 0.019411
vt 0.309565 0.845076
vt 0.341533 0.257716
vt 0.341771 0.258250
vt 0.341831 0.258754
vt 0.341427 0.258323
vt 0.242455 0.184904
vt 0.957622 0.826079
vt 0.053337 0.167820
vt 0.053261 0.168239
vt 0.914328 0.569148
vt 0.902986 0.578718
vt 0.911732 0.561916
vt 0.530551 0.864489
vt 0.531751 0.865757
vt 0.518048 0.867402
vt 0.530050 0.864226
vt 0.526948 0.863661
vt 0.606367 0.971345
vt 0.610411 0.973871
vt 0.604717 0.976412
vt 0.950228 0.959847
vt 0.950444 0.960819
vt 0.950558 0.959466
vt 0.950502 0.959242
vt 0.942021 0.955203
vt 0.943213 0.955981
vt 0.941058 0.956939
vt 0.881710 0.144371
vt 0.889013 0.162142
vt 0.864136 0.152590
vt 0.979752 0.420269
vt 0.973206 0.416670
vt 0.983088 0.419816
vt 0.312607 0.844024
vt 0.349141 0.263126
vt 0.761367 0.194702
vt 0.387742 0.178985
vt 0.396535 0.174106
vt 0.418049 0.165862
vt 0.006461 0.817833
vt 0.009898 0.823329
vt 0.004022 0.822010
vt 0.010214 0.545392
vt 0.007146 0.541324
vt 0.011878 0.542404
vt 0.902020 0.335542
vt 0.914429 0.332708
vt 0.914074 0.348534
vt 0.949802 0.958822
vt 0.531272 0.863870
vt 0.530876 0.864191
vt 0.954449 0.909235
vt 0.951994 0.922602
vt 0.952634 0.903194
vt 0.003784 0.666091
vt 0.003079 0.663292
vt 0.007450 0.664180
vt 0.150710 0.995067
vt 0.151146 0.996720
vt 0.149086 0.997127
vt 0.674209 0.023592
vt 0.673417 0.029230
vt 0.193691 0.927153
vt 0.187495 0.940524
vt 0.192636 0.922519
vt 0.886377 0.616314
vt 0.869648 0.644621
vt 0.876411 0.618374
vt 0.240961 0.183204
vt 0.241167 0.182874
vt 0.241224 0.182844
vt 0.233863 0.176152
vt 0.241269 0.182663
vt 0.240617 0.182858
vt 0.446399 0.762254
vt 0.429960 0.736939
vt 0.444854 0.746690
vt 0.131215 0.514893
vt 0.133349 0.531527
vt 0.111380 0.526782
vt 0.973256 0.331134
vt 0.983541 0.329560
vt 0.976433 0.331452
vt 0.283290 0.877988
vt 0.295405 0.884235
vt 0.292635 0.894486
vt 0.667342 0.030038
vt 0.667562 0.021193
vt 0.285294 0.892762
vt 0.007408 0.452695
vt 0.005729 0.453869
vt 0.007488 0.452216
vt 0.008349 0.452249
vt 0.941221 0.957157
vt 0.941269 0.957600
vt 0.943219 0.957844
vt 0.943211 0.958770
vt 0.937919 0.964117
vt 0.008849 0.451843
vt 0.943413 0.958389
vt 0.944069 0.960360
vt 0.943493 0.959036
vt 0.940859 0.958125
vt 0.940527 0.958675
vt 0.007777 0.448356
vt 0.007390 0.449270
vt 0.007632 0.448936
vt 0.008386 0.447698
vt 0.008567 0.447244
vt 0.008558 0.446564
vt 0.007957 0.445717
vt 0.008875 0.443765
vt 0.937270 0.960693
vt 0.936686 0.961634
vt 0.493309 0.035491
vt 0.491762 0.034972
vt 0.492514 0.035243
vt 0.491475 0.034648
vt 0.885581 0.631404
vt 0.884911 0.625859
vt 0.371863 0.250817
vt 0.225054 0.182184
vt 0.239478 0.182605
vt 0.783554 0.558048
vt 0.775528 0.543262
vt 0.788551 0.541365
vt 0.002228 0.090844
vt 0.003990 0.087277
vt 0.006675 0.088853
vt 0.532492 0.862086
vt 0.292539 0.896220
vt 0.005076 0.450333
vt 0.008609 0.449416
vt 0.005030 0.451392
vt 0.008373 0.451565
vt 0.009437 0.451841
vt 0.007603 0.449529
vt 0.008035 0.448717
vt 0.008709 0.447813
vt 0.008749 0.446736
vt 0.490924 0.034545
vt 0.936106 0.962516
vt 0.934150 0.963655
vt 0.883881 0.625937
vt 0.884328 0.625987
vt 0.242088 0.182297
vt 0.224161 0.180151
vt 0.597151 0.938065
vt 0.585477 0.950086
vt 0.586611 0.945990
vt 0.038524 0.655213
vt 0.038620 0.649914
vt 0.038353 0.649052
vt 0.038466 0.648379
vt 0.045896 0.648988
vt 0.934627 0.383249
vt 0.934318 0.382207
vt 0.945959 0.384276
vt 0.934161 0.382678
vt 0.037459 0.652357
vt 0.930643 0.383569
vt 0.933605 0.383471
vt 0.935170 0.387821
vt 0.290545 0.894618
vt 0.010122 0.452125
vt 0.013029 0.453916
vt 0.492497 0.034987
vt 0.496132 0.032036
vt 0.491787 0.034650
vt 0.883233 0.166156
vt 0.491051 0.034425
vt 0.487375 0.036640
vt 0.931687 0.964270
vt 0.880468 0.967585
vt 0.877507 0.966638
vt 0.879633 0.963603
vt 0.284757 0.004125
vt 0.282235 0.007532
vt 0.282316 0.005562
vt 0.617596 0.970250
vt 0.612928 0.970644
vt 0.038888 0.639890
vt 0.038004 0.647470
vt 0.934460 0.383586
vt 0.496081 0.026192
vt 0.496291 0.029329
vt 0.944664 0.964424
vt 0.931738 0.965998
vt 0.877379 0.964402
vt 0.882223 0.964134
vt 0.872861 0.647081
vt 0.884018 0.625574
vt 0.884225 0.625658
vt 0.809206 0.681525
vt 0.805879 0.690062
vt 0.805896 0.683339
vt 0.806046 0.690005
vt 0.805760 0.690622
vt 0.805624 0.689990
vt 0.490491 0.930496
vt 0.489322 0.926813
vt 0.493884 0.922826
vt 0.525264 0.881312
vt 0.534278 0.877522
vt 0.534452 0.878751
vt 0.023482 0.938707
vt 0.018022 0.944466
vt 0.014844 0.936441
vt 0.616332 0.969506
vt 0.928330 0.385853
vt 0.940565 0.968726
vt 0.484214 0.038931
vt 0.483715 0.037148
vt 0.485197 0.034265
vt 0.322210 0.842665
vt 0.648354 0.122734
vt 0.654179 0.094549
vt 0.651921 0.120012
vt 0.809238 0.685146
vt 0.788982 0.711007
vt 0.994153 0.171573
vt 0.998156 0.169131
vt 0.997701 0.173099
vt 0.006439 0.825097
vt 0.012504 0.896704
vt 0.014571 0.893773
vt 0.015097 0.894736
vt 0.932178 0.971030
vt 0.788855 0.692440
vt 0.995499 0.166779
vt 0.532212 0.874554
vt 0.951107 0.392757
vt 0.944517 0.391392
vt 0.882383 0.841474
vt 0.880351 0.843428
vt 0.875239 0.833806
vt 0.891903 0.161360
vt 0.935211 0.972464
vt 0.877219 0.962014
vt 0.314638 0.842330
vt 0.497790 0.918151
vt 0.494803 0.913678
vt 0.494827 0.909166
vt 0.494306 0.913737
vt 0.494582 0.912689
vt 0.015218 0.149993
vt 0.020415 0.149934
vt 0.013902 0.155683
vt 0.494285 0.912350
vt 0.493933 0.911479
vt 0.020258 0.895824
vt 0.021024 0.892324
vt 0.023838 0.895091
vt 0.018742 0.892795
vt 0.044459 0.641666
vt 0.038288 0.626999
vt 0.040528 0.627685
vt 0.035086 0.630084
vt 0.233533 0.457544
vt 0.226354 0.445413
vt 0.233317 0.437829
vt 0.072969 0.721506
vt 0.072449 0.724843
vt 0.072500 0.720825
vt 0.073458 0.721846
vt 0.496628 0.023671
vt 0.496240 0.023860
vt 0.496552 0.023365
vt 0.070364 0.718188
vt 0.078932 0.726644
vt 0.074659 0.722423
vt 0.892563 0.160378
vt 0.489086 0.025995
vt 0.484948 0.028984
vt 0.876487 0.965726
vt 0.883300 0.958995
vt 0.882798 0.961057
vt 0.879119 0.952537
vt 0.931985 0.974346
vt 0.931464 0.971885
vt 0.314462 0.841989
vt 0.314685 0.841839
vt 0.314557 0.841497
vt 0.597880 0.003452
vt 0.598325 0.004294
vt 0.596363 0.004794
vt 0.494223 0.913221
vt 0.494113 0.912781
vt 0.021681 0.892528
vt 0.024086 0.156144
vt 0.045194 0.630823
vt 0.048493 0.635255
vt 0.981873 0.771693
vt 0.978245 0.772691
vt 0.980311 0.762097
vt 0.496076 0.023532
vt 0.494834 0.022507
vt 0.184125 0.941619
vt 0.180474 0.937931
vt 0.190042 0.940354
vt 0.884719 0.955189
vt 0.488061 0.790246
vt 0.496869 0.807733
vt 0.474274 0.806711
vt 0.595248 0.009487
vt 0.594002 0.012193
vt 0.596536 0.010266
vt 0.013237 0.149296
vt 0.599484 0.008010
vt 0.603147 0.006236
vt 0.603243 0.006387
vt 0.601622 0.007046
vt 0.602398 0.005750
vt 0.599178 0.007165
vt 0.494019 0.913562
vt 0.024150 0.893362
vt 0.024296 0.160962
vt 0.051635 0.637062
vt 0.048432 0.638923
vt 0.989701 0.289121
vt 0.988509 0.294351
vt 0.983418 0.284595
vt 0.048087 0.639275
vt 0.047294 0.639728
vt 0.982590 0.294204
vt 0.984670 0.293005
vt 0.983731 0.296061
vt 0.012085 0.764738
vt 0.008928 0.759462
vt 0.013946 0.759112
vt 0.496317 0.023001
vt 0.497019 0.022729
vt 0.080661 0.733066
vt 0.988025 0.415119
vt 0.762941 0.995083
vt 0.768188 0.995202
vt 0.766647 0.998133
vt 0.764980 0.988753
vt 0.766196 0.989684
vt 0.243184 0.024923
vt 0.242578 0.024360
vt 0.242750 0.023986
vt 0.246241 0.027647
vt 0.246194 0.030625
vt 0.243784 0.028509
vt 0.018169 0.889966
vt 0.245584 0.020611
vt 0.977128 0.761002
vt 0.089172 0.730743
vt 0.073724 0.729786
vt 0.071297 0.737312
vt 0.882330 0.951744
vt 0.371386 0.525108
vt 0.390286 0.568032
vt 0.355753 0.564271
vt 0.304460 0.079717
vt 0.293833 0.090017
vt 0.294753 0.074935
vt 0.243049 0.020466
vt 0.243008 0.021869
vt 0.242933 0.022792
vt 0.242543 0.023754
vt 0.010918 0.323246
vt 0.013463 0.322055
vt 0.013802 0.322347
vt 0.048327 0.632753
vt 0.049872 0.632342
vt 0.051435 0.632891
vt 0.049782 0.632713
vt 0.049169 0.632292
vt 0.049077 0.633152
vt 0.981822 0.289041
vt 0.975699 0.773038
vt 0.974362 0.765088
vt 0.107217 0.937289
vt 0.096308 0.948062
vt 0.096612 0.942738
vt 0.115241 0.013948
vt 0.114762 0.012537
vt 0.115772 0.014211
vt 0.116711 0.014069
vt 0.010701 0.756179
vt 0.008929 0.755353
vt 0.091929 0.733893
vt 0.072773 0.733159
vt 0.880318 0.952141
vt 0.242782 0.022202
vt 0.242579 0.023236
vt 0.022058 0.162415
vt 0.014753 0.322601
vt 0.016483 0.322903
vt 0.248506 0.018342
vt 0.011264 0.322070
vt 0.012892 0.321908
vt 0.012130 0.321740
vt 0.053614 0.633538
vt 0.985119 0.281557
vt 0.980002 0.756325
vt 0.111791 0.007542
vt 0.113436 0.011583
vt 0.112235 0.010211
vt 0.115740 0.015181
vt 0.116472 0.014911
vt 0.119746 0.015571
vt 0.116760 0.014900
vt 0.116913 0.015890
vt 0.994334 0.641498
vt 0.992020 0.642469
vt 0.993848 0.640278
vt 0.988554 0.639439
vt 0.095332 0.732084
vt 0.069126 0.741444
vt 0.539020 0.869697
vt 0.539280 0.862121
vt 0.546347 0.878305
vt 0.011848 0.160823
vt 0.249597 0.020558
vt 0.247906 0.024614
vt 0.242615 0.022088
vt 0.242525 0.022680
vt 0.247073 0.025308
vt 0.022637 0.323252
vt 0.010443 0.326385
vt 0.011800 0.328138
vt 0.010793 0.327919
vt 0.011305 0.327890
vt 0.018740 0.328185
vt 0.980308 0.283338
vt 0.980211 0.281499
vt 0.982522 0.758721
vt 0.982837 0.759810
vt 0.982872 0.760346
vt 0.963430 0.377168
vt 0.960284 0.369980
vt 0.965127 0.364887
vt 0.983359 0.760255
vt 0.002465 0.306293
vt 0.004808 0.308119
vt 0.002854 0.309120
vt 0.102586 0.660282
vt 0.094410 0.635808
vt 0.110816 0.661293
vt 0.686075 0.676386
vt 0.663764 0.677005
vt 0.684218 0.666662
vt 0.267847 0.015029
vt 0.271822 0.017771
vt 0.266065 0.018436
vt 0.014397 0.328925
vt 0.015944 0.329253
vt 0.973792 0.759610
vt 0.973746 0.760129
vt 0.973739 0.760740
vt 0.002790 0.304502
vt 0.003571 0.304181
vt 0.003187 0.304875
vt 0.003655 0.305995
vt 0.983669 0.760050
vt 0.005223 0.303399
vt 0.004583 0.307245
vt 0.005811 0.308389
vt 0.005431 0.307845
vt 0.095281 0.731718
vt 0.096716 0.732927
vt 0.015206 0.753868
vt 0.016493 0.754598
vt 0.005925 0.755727
vt 0.007540 0.754378
vt 0.072876 0.740305
vt 0.269880 0.013360
vt 0.981367 0.286133
vt 0.976655 0.755993
vt 0.974713 0.757343
vt 0.007948 0.308562
vt 0.005474 0.307408
vt 0.011676 0.307400
vt 0.006269 0.309272
vt 0.944527 0.379234
vt 0.944172 0.378048
vt 0.949674 0.376149
vt 0.120982 0.009758
vt 0.955933 0.375446
vt 0.956288 0.381589
vt 0.953823 0.382011
vt 0.984146 0.641043
vt 0.095381 0.735227
vt 0.974546 0.532765
vt 0.979985 0.526310
vt 0.982530 0.532226
vt 0.339686 0.989423
vt 0.340247 0.989479
vt 0.340290 0.989248
vt 0.344928 0.981239
vt 0.352996 0.989085
vt 0.339496 0.990125
vt 0.006023 0.308605
vt 0.876658 0.988520
vt 0.876662 0.989831
vt 0.875903 0.989292
vt 0.988682 0.638808
vt 0.989002 0.638636
vt 0.990461 0.638991
vt 0.463186 0.013784
vt 0.460124 0.010435
vt 0.463823 0.010738
vt 0.478344 0.362888
vt 0.478938 0.363057
vt 0.479466 0.362978
vt 0.336092 0.999328
vt 0.335625 0.999350
vt 0.336123 0.999991
vt 0.336663 0.999042
vt 0.337616 0.999118
vt 0.337349 0.998287
vt 0.267280 0.999250
vt 0.268098 0.999592
vt 0.267309 0.999805
vt 0.666774 0.001648
vt 0.666232 0.001124
vt 0.666248 0.001861
vt 0.340249 0.989743
vt 0.340505 0.989442
vt 0.360791 0.984355
vt 0.120711 0.199809
vt 0.104906 0.208538
vt 0.111762 0.192329
vt 0.999446 0.202294
vt 0.996864 0.206625
vt 0.997160 0.201880
vt 0.998939 0.205693
vt 0.982833 0.638969
vt 0.985906 0.640069
vt 0.999076 0.205401
vt 0.988651 0.638145
vt 0.988572 0.637567
vt 0.988007 0.638709
vt 0.988401 0.637853
vt 0.988840 0.637316
vt 0.463155 0.004037
vt 0.463107 0.003985
vt 0.463072 0.004484
vt 0.463380 0.006052
vt 0.465827 0.009213
vt 0.466120 0.010817
vt 0.463233 0.006961
vt 0.460694 0.012779
vt 0.459460 0.011912
vt 0.478907 0.362669
vt 0.481755 0.361731
vt 0.468282 0.354399
vt 0.893563 0.096609
vt 0.894152 0.096871
vt 0.892811 0.096556
vt 0.894043 0.096655
vt 0.892481 0.097352
vt 0.892347 0.095213
vt 0.891561 0.096268
vt 0.898830 0.098495
vt 0.336107 0.999287
vt 0.336652 0.998927
vt 0.335765 0.999048
vt 0.336117 0.998470
vt 0.337348 0.998179
vt 0.336876 0.997521
vt 0.962375 0.380648
vt 0.965328 0.382692
vt 0.959439 0.380269
vt 0.999381 0.206275
vt 0.878692 0.992408
vt 0.877491 0.995655
vt 0.997771 0.206553
vt 0.997245 0.206843
vt 0.463180 0.003608
vt 0.462919 0.004058
vt 0.462812 0.003292
vt 0.463022 0.004428
vt 0.464648 0.004199
vt 0.377317 0.569580
vt 0.992980 0.881506
vt 0.987678 0.882805
vt 0.994078 0.879283
vt 0.895077 0.095583
vt 0.886583 0.094975
vt 0.893648 0.096448
vt 0.894416 0.096597
vt 0.757185 0.952859
vt 0.757589 0.958506
vt 0.756694 0.951963
vt 0.991665 0.876455
vt 0.992548 0.877177
vt 0.988162 0.882985
vt 0.988946 0.883359
vt 0.892662 0.095077
vt 0.756749 0.952403
vt 0.756517 0.951314
vt 0.951378 0.373499
vt 0.979495 0.640342
vt 0.458132 0.007432
vt 0.849216 0.827081
vt 0.819712 0.834812
vt 0.818440 0.817800
vt 0.993895 0.877326
vt 0.993375 0.876642
vt 0.993834 0.876714
vt 0.991826 0.875744
vt 0.663552 0.001249
vt 0.663425 0.001742
vt 0.662744 0.001243
vt 0.756572 0.953067
vt 0.756737 0.952376
vt 0.572563 0.004331
vt 0.570728 0.003344
vt 0.571853 0.002449
vt 0.572633 0.002370
vt 0.572291 0.001927
vt 0.956481 0.369036
vt 0.983306 0.642233
vt 0.980719 0.641927
vt 0.980417 0.642785
vt 0.980547 0.641641
vt 0.980394 0.641512
vt 0.980844 0.641518
vt 0.980225 0.641243
vt 0.874296 0.996938
vt 0.980092 0.641527
vt 0.980074 0.641209
vt 0.980052 0.640982
vt 0.981558 0.638556
vt 0.998222 0.763928
vt 0.994249 0.765276
vt 0.989759 0.763892
vt 0.996518 0.878681
vt 0.997299 0.878318
vt 0.997127 0.878550
vt 0.882672 0.093377
vt 0.994468 0.876678
vt 0.993663 0.876118
vt 0.886864 0.513636
vt 0.887144 0.518039
vt 0.881605 0.512914
vt 0.570827 0.002035
vt 0.571709 0.002369
vt 0.571748 0.001635
vt 0.006711 0.849008
vt 0.007720 0.845918
vt 0.008501 0.850269
vt 0.951604 0.371846
vt 0.980041 0.641889
vt 0.979771 0.641152
vt 0.979977 0.641380
vt 0.979978 0.641187
vt 0.991516 0.764823
vt 0.876108 0.998777
vt 0.882298 0.094438
vt 0.882623 0.093542
vt 0.884635 0.095702
vt 0.885372 0.508273
vt 0.883846 0.510746
vt 0.738589 0.563842
vt 0.721893 0.559623
vt 0.731679 0.540275
vt 0.720605 0.559577
vt 0.996338 0.760791
vt 0.099878 0.891898
vt 0.113545 0.892774
vt 0.127744 0.889630
vt 0.884085 0.511561
vt 0.891434 0.511084
vt 0.721363 0.559938
vt 0.721593 0.560119
vt 0.721224 0.560991
vt 0.006591 0.850593
vt 0.006228 0.850528
vt 0.993503 0.758334
vt 0.989181 0.759536
vt 0.986882 0.761996
vt 0.119712 0.885061
vt 0.150766 0.153395
vt 0.148384 0.140768
vt 0.160106 0.149821
vt 0.991434 0.409994
vt 0.993335 0.408849
vt 0.995439 0.409635
vt 0.995407 0.404124
vt 0.993324 0.408455
vt 0.993203 0.408675
vt 0.993349 0.408744
vt 0.993554 0.408657
vt 0.116339 0.151690
vt 0.123029 0.122941
vt 0.117794 0.153684
vt 0.897917 0.511175
vt 0.113919 0.891972
vt 0.113860 0.892323
vt 0.113333 0.892264
vt 0.113695 0.892165
vt 0.896630 0.510958
vt 0.895955 0.510938
vt 0.895609 0.510683
vt 0.896211 0.510438
vt 0.120028 0.217051
vt 0.113143 0.223022
vt 0.113378 0.891979
vt 0.172384 0.831571
vt 0.168727 0.845430
vt 0.164721 0.840440
vt 0.905741 0.556166
vt 0.908543 0.541619
vt 0.915692 0.548392
vt 0.988775 0.420041
vt 0.991438 0.419654
vt 0.985264 0.422547
vt 0.290369 0.194379
vt 0.278453 0.218907
vt 0.286975 0.239500
vt 0.896778 0.987555
vt 0.898643 0.985576
vt 0.904175 0.993245
vt 0.726518 0.598508
vt 0.735280 0.590916
vt 0.739829 0.603002
vt 0.302782 0.205908
vt 0.278669 0.219011
vt 0.278127 0.219736
vt 0.278495 0.219177
vt 0.278299 0.219862
vt 0.440170 0.872111
vt 0.450910 0.860097
vt 0.448857 0.878962
vt 0.819240 0.666628
vt 0.827817 0.655203
vt 0.826505 0.662280
vt 0.274241 0.485266
vt 0.282383 0.447102
vt 0.294643 0.489374
vt 0.680569 0.929575
vt 0.689963 0.913960
vt 0.689779 0.934139
vt 0.733792 0.637473
vt 0.727698 0.633391
vt 0.730710 0.609536
vt 0.161549 0.890666
vt 0.140514 0.896481
vt 0.136766 0.893421
vt 0.291795 0.929034
vt 0.298177 0.925399
vt 0.301071 0.931404
vt 0.143458 0.119121
vt 0.137916 0.146481
vt 0.136617 0.122644
vt 0.093830 0.582043
vt 0.100966 0.574503
vt 0.107421 0.577246
vt 0.562801 0.153740
vt 0.573754 0.173376
vt 0.554507 0.170601
vt 0.102943 0.581871
vt 0.283044 0.501889
vt 0.278558 0.505876
vt 0.144165 0.119046
vt 0.290730 0.923050
vt 0.303295 0.918613
vt 0.097097 0.577662
vt 0.101041 0.582252
vt 0.292201 0.925102
vt 0.126642 0.134685
vt 0.128051 0.117406
vt 0.101250 0.582208
vt 0.102811 0.581967
vt 0.102709 0.581557
vt 0.291917 0.924769
vt 0.291744 0.925292
vt 0.291382 0.926111
vt 0.925474 0.993882
vt 0.926764 0.992355
vt 0.926669 0.993393
vt 0.927021 0.993935
vt 0.927040 0.993555
vt 0.927391 0.993696
vt 0.928602 0.994112
vt 0.394095 0.884861
vt 0.396679 0.900867
vt 0.388220 0.883389
vt 0.896494 0.434186
vt 0.901931 0.417087
vt 0.896111 0.440473
vt 0.927728 0.992278
vt 0.927014 0.993157
vt 0.923255 0.995195
vt 0.923744 0.993079
vt 0.928410 0.992963
vt 0.071191 0.116881
vt 0.072441 0.104633
vt 0.075569 0.113484
vt 0.089395 0.118954
vt 0.088479 0.113321
vt 0.091380 0.111077
vt 0.090511 0.119543
vt 0.921860 0.993987
vt 0.922897 0.993357
vt 0.922493 0.993239
vt 0.068570 0.110607
vt 0.070384 0.105585
vt 0.065853 0.102305
vt 0.069590 0.096838
vt 0.835980 0.492425
vt 0.831712 0.487766
vt 0.840729 0.481522
vt 0.378646 0.710698
vt 0.375065 0.722484
vt 0.359943 0.699631
vt 0.070175 0.105133
vt 0.070227 0.104509
vt 0.069931 0.105380
vt 0.069760 0.105035
vt 0.082231 0.112806
vt 0.087544 0.101619
vt 0.424961 0.964637
vt 0.419560 0.962918
vt 0.422916 0.957971
vt 0.281335 0.919166
vt 0.296740 0.919280
vt 0.381599 0.902737
vt 0.813783 0.500244
vt 0.821443 0.500817
vt 0.817630 0.531074
vt 0.823968 0.511661
vt 0.828326 0.515974
vt 0.848476 0.477540
vt 0.843147 0.478674
vt 0.843610 0.477773
vt 0.844384 0.476462
vt 0.518465 0.003788
vt 0.518391 0.003186
vt 0.518114 0.003543
vt 0.517978 0.004179
vt 0.518168 0.004594
vt 0.843900 0.476894
vt 0.844018 0.477004
vt 0.843793 0.476968
vt 0.305089 0.460089
vt 0.303927 0.455668
vt 0.822833 0.503779
vt 0.810805 0.016088
vt 0.810858 0.013350
vt 0.815262 0.013481
vt 0.810555 0.023102
vt 0.808672 0.017956
vt 0.811092 0.020362
vt 0.432939 0.955008
vt 0.432148 0.955649
vt 0.432613 0.954513
vt 0.433256 0.955352
vt 0.432243 0.956560
vt 0.809184 0.022148
vt 0.845019 0.476994
vt 0.006861 0.972546
vt 0.005969 0.972114
vt 0.007189 0.971313
vt 0.432053 0.951903
vt 0.431699 0.957708
vt 0.843946 0.477621
vt 0.429971 0.951329
vt 0.430422 0.950760
vt 0.019710 0.928644
vt 0.018147 0.928521
vt 0.018652 0.928144
vt 0.429347 0.952286
vt 0.428668 0.954679
vt 0.017569 0.928824
vt 0.017971 0.928847
vt 0.017738 0.928516
vt 0.850557 0.461588
vt 0.842281 0.458982
vt 0.844852 0.443378
vt 0.008138 0.908626
vt 0.008052 0.909568
vt 0.006917 0.909126
vt 0.809020 0.015565
vt 0.809356 0.015836
vt 0.809645 0.015343
vt 0.812879 0.013661
vt 0.815280 0.012585
vt 0.809379 0.015226
vt 0.807728 0.012860
vt 0.807742 0.010969
vt 0.390311 0.992782
vt 0.391561 0.994341
vt 0.388773 0.992817
vt 0.002239 0.969918
vt 0.003042 0.970524
vt 0.001747 0.971123
vt 0.806571 0.010921
vt 0.806608 0.010422
vt 0.004657 0.967501
vt 0.003986 0.968486
vt 0.004201 0.967729
vt 0.808921 0.024137
vt 0.808896 0.022669
vt 0.006972 0.971092
vt 0.007018 0.970301
vt 0.003381 0.968674
vt 0.005146 0.970968
vt 0.007257 0.969476
vt 0.006545 0.968301
vt 0.658921 0.020811
vt 0.659401 0.020477
vt 0.659611 0.021060
vt 0.658384 0.020431
vt 0.659528 0.019576
vt 0.657705 0.017245
vt 0.659463 0.018846
vt 0.912181 0.637999
vt 0.904124 0.633830
vt 0.916085 0.634885
vt 0.911620 0.638474
vt 0.660376 0.019880
vt 0.652329 0.023485
vt 0.013158 0.926882
vt 0.017521 0.928371
vt 0.659658 0.019441
vt 0.660882 0.022323
vt 0.916328 0.624072
vt 0.901136 0.630313
vt 0.394972 0.996758
vt 0.391409 0.996345
vt 0.010263 0.906556
vt 0.012266 0.908937
vt 0.006959 0.909543
vt 0.009113 0.913103
vt 0.008459 0.913059
vt 0.010579 0.914365
vt 0.008016 0.912623
vt 0.007512 0.912464
vt 0.006186 0.909701
vt 0.006553 0.910807
vt 0.655110 0.017268
vt 0.005533 0.965291
vt 0.006748 0.965306
vt 0.390961 0.992917
vt 0.389986 0.995416
vt 0.390568 0.993728
vt 0.004147 0.970697
vt 0.007231 0.965685
vt 0.007055 0.966674
vt 0.658508 0.020797
vt 0.659657 0.021421
vt 0.659834 0.021721
vt 0.659598 0.021193
vt 0.974225 0.001351
vt 0.974631 0.001658
vt 0.969946 0.003659
vt 0.970408 0.005670
vt 0.972235 0.004263
vt 0.910662 0.625618
vt 0.911215 0.625454
vt 0.909991 0.625591
vt 0.901981 0.627221
vt 0.910666 0.625240
vt 0.888790 0.004154
vt 0.890259 0.004288
vt 0.891222 0.005981
vt 0.823875 0.505640
vt 0.010381 0.917782
vt 0.014473 0.916721
vt 0.398537 0.996366
vt 0.398356 0.994041
vt 0.398932 0.994888
vt 0.648432 0.022662
vt 0.649225 0.021201
vt 0.649421 0.021044
vt 0.650198 0.020989
vt 0.398155 0.993984
vt 0.397923 0.993320
vt 0.398045 0.990541
vt 0.397795 0.993012
vt 0.009156 0.910273
vt 0.008276 0.910222
vt 0.008055 0.910546
vt 0.893455 0.004579
vt 0.891599 0.004369
vt 0.892394 0.004202
vt 0.891838 0.004147
vt 0.717552 0.886767
vt 0.721705 0.886056
vt 0.720803 0.886329
vt 0.648605 0.021445
vt 0.398149 0.992356
vt 0.007187 0.911675
vt 0.008603 0.910660
vt 0.650185 0.020673
vt 0.009425 0.910461
vt 0.653517 0.017278
vt 0.917960 0.640043
vt 0.918030 0.639481
vt 0.920584 0.639858
vt 0.917265 0.639557
vt 0.919092 0.636671
vt 0.920163 0.633525
vt 0.920131 0.633261
vt 0.919795 0.633281
vt 0.915331 0.639222
vt 0.893384 0.005974
vt 0.886360 0.006109
vt 0.886701 0.006556
vt 0.886070 0.006654
vt 0.891543 0.003697
vt 0.895136 0.005072
vt 0.892380 0.003881
vt 0.345845 0.711271
vt 0.713123 0.882692
vt 0.730460 0.878368
vt 0.726979 0.885859
vt 0.809533 0.931303
vt 0.802188 0.934631
vt 0.802723 0.931018
vt 0.649853 0.019643
vt 0.920433 0.639107
vt 0.920867 0.639107
vt 0.919965 0.638895
vt 0.917662 0.639381
vt 0.917225 0.639177
vt 0.920628 0.632997
vt 0.919991 0.632972
vt 0.991457 0.282043
vt 0.996886 0.283900
vt 0.990252 0.282602
vt 0.716090 0.885576
vt 0.887695 0.005127
vt 0.887130 0.006903
vt 0.723787 0.885758
vt 0.797832 0.930316
vt 0.802615 0.927896
vt 0.921176 0.638765
vt 0.921688 0.638641
vt 0.920645 0.638574
vt 0.920418 0.638755
vt 0.922020 0.638166
vt 0.921091 0.638342
vt 0.917881 0.639119
vt 0.817880 0.920970
vt 0.819913 0.922580
vt 0.990248 0.283905
vt 0.948261 0.830564
vt 0.947161 0.829973
vt 0.946857 0.848203
vt 0.724624 0.874253
vt 0.725732 0.873740
vt 0.094198 0.953664
vt 0.085663 0.954214
vt 0.079383 0.952866
vt 0.086205 0.954315
vt 0.304227 0.449365
vt 0.948248 0.830023
vt 0.943928 0.610375
vt 0.942889 0.605552
vt 0.954792 0.609053
vt 0.978806 0.562203
vt 0.981549 0.563330
vt 0.974098 0.563726
vt 0.946487 0.991228
vt 0.964060 0.991799
vt 0.948114 0.992315
vt 0.977088 0.562724
vt 0.657781 0.930626
vt 0.649333 0.931464
vt 0.667622 0.929537
vt 0.648031 0.931614
vt 0.673155 0.932161
vt 0.955891 0.991666
vt 0.269611 0.456087
vt 0.668026 0.932850
vt 0.964823 0.562247
vt 0.966320 0.560930
vt 0.402967 0.005590
vt 0.401936 0.006267
vt 0.400423 0.004665
vt 0.402524 0.004305
vt 0.674466 0.931241
vt 0.400561 0.003280
vt 0.400473 0.007234
vt 0.399485 0.006605
vt 0.071547 0.955370
vt 0.997110 0.789012
vt 0.987746 0.793350
vt 0.987033 0.792312
vt 0.075723 0.955950
vt 0.332655 0.766585
vt 0.337692 0.760994
vt 0.345011 0.764612
vt 0.938869 0.103279
vt 0.935732 0.124185
vt 0.932462 0.120889
vt 0.852478 0.983943
vt 0.852178 0.979850
vt 0.854091 0.988683
vt 0.850716 0.988962
vt 0.851599 0.986298
vt 0.012455 0.972626
vt 0.012318 0.982393
vt 0.010453 0.982301
vt 0.341983 0.755643
vt 0.343690 0.754384
vt 0.340337 0.757338
vt 0.010371 0.977340
vt 0.011262 0.970409
vt 0.933652 0.113012
vt 0.456053 0.458179
vt 0.455519 0.462139
vt 0.451861 0.452602
vt 0.009928 0.970481
vt 0.985188 0.169880
vt 0.982712 0.181414
vt 0.983841 0.168000
vt 0.954213 0.242525
vt 0.963622 0.240443
vt 0.955489 0.244121
vt 0.989999 0.794951
vt 0.984863 0.798007
vt 0.963070 0.247064
vt 0.484828 0.904476
vt 0.484436 0.913738
vt 0.481407 0.914391
vt 0.487511 0.908943
vt 0.324308 0.782951
vt 0.311212 0.763026
vt 0.959527 0.249687
vt 0.968872 0.249986
vt 0.968393 0.243835
vt 0.989450 0.182156
vt 0.987324 0.183563
vt 0.989034 0.172930
vt 0.972354 0.242751
vt 0.995517 0.126843
vt 0.993279 0.128743
vt 0.991923 0.127476
vt 0.974290 0.239207
vt 0.973345 0.245597
vt 0.973839 0.247886
vt 0.065203 0.662435
vt 0.065040 0.662361
vt 0.065139 0.661891
vt 0.064778 0.663059
vt 0.064812 0.662567
vt 0.061685 0.660213
vt 0.949812 0.930004
vt 0.950393 0.928986
vt 0.953061 0.933824
vt 0.974830 0.246968
vt 0.154282 0.296307
vt 0.150266 0.294765
vt 0.143885 0.278052
vt 0.150750 0.299280
vt 0.150347 0.295495
vt 0.149783 0.294516
vt 0.144287 0.291114
vt 0.065488 0.661804
vt 0.065633 0.662319
vt 0.065761 0.662029
vt 0.159142 0.288170
vt 0.159817 0.292741
vt 0.069732 0.653898
vt 0.164861 0.288882
vt 0.163341 0.289580
vt 0.152796 0.277667
vt 0.973053 0.250762
vt 0.974233 0.251307
vt 0.148628 0.299809
vt 0.149855 0.295064
vt 0.149352 0.294602
vt 0.080763 0.642781
vt 0.081740 0.654286
vt 0.987489 0.131227
vt 0.988867 0.122546
vt 0.985824 0.129454
vt 0.985135 0.123481
vt 0.987089 0.117940
vt 0.187129 0.580991
vt 0.182561 0.569368
vt 0.183798 0.546088
vt 0.006034 0.658102
vt 0.003629 0.655080
vt 0.008940 0.651216
vt 0.197711 0.566283
vt 0.380742 0.475265
vt 0.375051 0.464291
vt 0.374594 0.452656
vt 0.685706 0.140680
vt 0.694974 0.114548
vt 0.691166 0.146612
vt 0.434280 0.121209
vt 0.439642 0.124914
vt 0.431223 0.121622
vt 0.368410 0.490304
vt 0.360228 0.474047
vt 0.359530 0.498409
vt 0.351119 0.496975
vt 0.187479 0.530865
vt 0.196713 0.539363
vt 0.373861 0.470900
vt 0.374463 0.471742
vt 0.374489 0.471074
vt 0.374032 0.471138
vt 0.373726 0.471278
vt 0.210167 0.556050
vt 0.195116 0.578743
vt 0.865438 0.425057
vt 0.862505 0.433849
vt 0.854298 0.419557
vt 0.223053 0.879439
vt 0.221858 0.893190
vt 0.210008 0.877134
vt 0.355185 0.490769
vt 0.200078 0.894175
vt 0.353436 0.492425
vt 0.351691 0.016521
vt 0.349994 0.015723
vt 0.350445 0.013690
vt 0.350051 0.014893
vt 0.209799 0.549878
vt 0.209967 0.550375
vt 0.211372 0.549236
vt 0.332988 0.397206
vt 0.323842 0.409447
vt 0.324304 0.397990
vt 0.348762 0.017002
vt 0.349379 0.015526
vt 0.210713 0.549946
vt 0.348650 0.015669
vt 0.862544 0.443103
vt 0.863590 0.440947
vt 0.864004 0.441575
vt 0.211860 0.549764
vt 0.216474 0.551061
vt 0.864207 0.440890
vt 0.867997 0.452071
vt 0.878545 0.437422
vt 0.863681 0.440114
vt 0.863478 0.440792
vt 0.864041 0.440721
vt 0.776697 0.836762
vt 0.758403 0.829663
vt 0.768415 0.820937
vt 0.352899 0.427644
vt 0.737757 0.725588
vt 0.773278 0.738202
vt 0.744978 0.744771
vt 0.883294 0.449854
vt 0.335315 0.443015
vt 0.991335 0.267136
s 1
usemtl Material.002
f 3/1/1 4/2/2 1/3/3
f 1/4/3 5/5/4 3/6/1
f 5/5/4 12/7/5 3/6/1
f 4/8/2 5/9/4 18/10/6
f 4/2/2 6/11/7 1/12/3
f 7/13/8 11/14/9 8/15/10
f 11/14/11 10/16/12 9/17/13
f 8/15/14 10/16/12 11/14/11
f 8/15/15 3/6/1 10/16/16
f 4/18/2 3/6/1 8/15/15
f 9/19/13 8/20/17 11/21/11
f 9/19/13 10/22/12 8/20/17
f 3/6/1 12/7/5 10/16/16
f 5/5/4 17/23/18 12/7/5
f 8/20/15 10/22/16 4/24/2
f 10/22/16 12/25/5 4/24/2
f 13/26/19 15/27/20 14/28/21
f 14/29/22 20/30/23 16/31/24
f 15/32/25 20/30/23 14/29/22
f 15/32/26 12/33/5 20/30/27
f 4/34/2 12/35/5 15/27/26
f 20/30/27 12/33/5 17/36/18
f 15/37/26 20/38/27 4/34/2
f 15/39/28 14/40/22 16/41/24
f 15/39/28 16/41/24 20/42/23
f 19/43/29 22/44/30 23/45/31
f 19/43/29 21/46/32 1138/47/33
f 19/48/29 1138/49/33 22/50/30
f 20/42/27 17/36/18 4/51/2
f 21/46/32 19/43/29 23/45/31
f 21/46/34 17/36/18 23/45/35
f 17/52/18 21/53/34 4/54/2
f 22/44/30 21/55/32 23/56/31
f 23/45/35 17/36/18 5/57/4
f 1138/58/33 21/59/32 22/44/30
f 21/53/34 23/60/35 4/54/2
f 23/60/35 5/61/4 4/54/2
f 1/62/3 26/63/36 5/64/4
f 2/65/37 279/66/38 57/67/39
f 4/8/2 18/10/6 27/68/40
f 4/2/2 27/69/40 6/11/7
f 2/70/37 24/71/41 279/72/38
f 27/73/40 28/74/42 6/75/7
f 28/74/42 27/76/40 33/77/43
f 18/78/6 28/79/44 32/80/45
f 18/78/6 32/80/45 27/81/40
f 32/80/45 31/82/46 27/81/40
f 32/80/45 28/79/44 31/82/46
f 6/83/7 31/82/46 18/78/6
f 31/82/46 28/79/44 18/78/6
f 31/82/46 33/84/43 27/81/40
f 6/83/7 33/84/43 31/82/46
f 6/83/7 35/85/47 33/84/43
f 28/86/42 39/87/48 6/88/7
f 28/89/42 33/90/43 34/91/49
f 28/92/42 36/93/50 35/94/47
f 34/95/49 36/93/50 28/92/42
f 34/96/51 36/97/52 37/98/53
f 34/96/51 37/98/53 1139/99/54
f 37/98/55 38/100/56 36/97/57
f 33/90/43 35/94/47 34/101/49
f 28/74/42 40/102/58 39/103/48
f 28/74/42 44/104/59 40/102/58
f 35/94/47 44/105/59 28/92/42
f 34/101/51 1139/106/54 36/107/60
f 34/101/49 35/94/47 36/107/50
f 1139/106/54 37/108/53 36/107/60
f 39/109/48 40/110/58 35/94/47
f 40/102/61 41/111/62 42/112/63
f 44/104/64 40/102/61 42/112/63
f 44/104/65 43/113/66 42/112/67
f 41/114/62 44/115/68 42/116/63
f 41/114/62 40/110/61 44/115/68
f 6/117/7 57/118/39 1/119/3
f 35/94/47 40/110/58 44/115/59
f 35/120/47 45/121/69 39/122/48
f 35/120/47 47/123/70 45/121/69
f 35/120/47 6/124/7 47/123/70
f 47/123/71 45/121/72 46/125/73
f 6/124/7 39/122/48 45/126/69
f 6/124/7 45/126/69 47/127/70
f 57/128/39 6/129/7 2/130/37
f 24/131/41 6/132/7 49/133/74
f 51/134/75 48/135/76 52/136/77
f 24/137/41 52/136/78 51/134/79
f 24/131/41 49/133/74 52/138/78
f 24/137/41 50/139/80 279/140/38
f 50/139/80 6/141/7 279/140/38
f 24/137/41 51/142/79 50/139/80
f 51/142/79 52/143/78 49/144/74
f 51/142/79 49/144/74 50/139/80
f 50/145/80 49/133/74 54/146/81
f 54/147/82 53/148/83 55/149/84
f 54/150/81 6/141/7 55/151/85
f 49/133/74 6/132/7 54/146/81
f 54/152/81 55/153/85 50/139/80
f 50/139/80 55/153/85 6/141/7
f 6/154/7 18/155/6 110/156/86
f 57/157/39 26/158/36 1/159/3
f 5/160/4 26/161/36 61/162/87
f 18/163/6 26/164/36 59/165/88
f 5/166/4 61/167/87 62/168/89
f 5/166/4 66/169/90 18/170/6
f 62/171/91 66/169/92 63/172/93
f 62/171/89 66/169/90 5/166/4
f 62/168/89 61/167/87 66/173/90
f 64/174/94 68/175/95 67/176/96
f 18/170/6 66/169/90 61/167/87
f 67/176/97 69/177/98 76/178/99
f 68/175/100 69/177/98 67/176/97
f 68/175/100 65/179/101 69/177/98
f 67/180/97 76/181/99 68/182/100
f 68/182/100 76/181/99 65/183/101
f 61/184/87 71/185/102 18/186/6
f 61/184/87 26/187/36 71/188/102
f 56/189/103 58/190/104 279/191/38
f 18/186/6 73/192/105 26/187/36
f 71/185/102 73/192/105 18/186/6
f 71/185/106 1140/193/107 73/192/108
f 71/188/102 26/187/36 73/194/105
f 110/195/86 162/196/109 6/197/7
f 65/198/101 88/199/110 75/200/111
f 65/201/101 75/202/111 86/203/112
f 69/177/98 75/204/111 76/205/99
f 79/206/113 78/207/114 87/208/115
f 79/206/113 80/209/116 78/207/114
f 79/206/117 80/209/118 85/210/119
f 79/206/113 87/208/115 85/210/120
f 79/211/121 76/205/99 80/209/116
f 79/211/121 85/210/120 76/205/99
f 80/209/116 76/205/99 78/207/114
f 69/212/98 77/213/122 86/214/112
f 69/215/98 65/216/101 77/217/122
f 69/212/98 86/214/112 75/218/111
f 85/210/120 87/208/115 76/205/99
f 78/207/114 76/205/99 77/213/122
f 65/216/101 86/219/112 81/220/123
f 75/202/111 81/221/123 76/222/99
f 76/205/99 86/214/112 77/213/122
f 65/216/101 81/220/123 77/217/122
f 86/219/112 76/223/99 81/220/123
f 70/224/124 92/225/125 65/226/101
f 70/227/124 91/228/126 92/229/125
f 82/230/127 65/231/101 109/232/128
f 90/233/129 76/234/99 87/235/115
f 95/236/130 94/237/130 96/238/130
f 108/239/131 100/240/132 65/241/101
f 108/239/131 101/242/133 100/243/132
f 65/241/101 100/240/132 101/244/133
f 65/241/101 101/244/133 70/245/124
f 70/245/124 101/246/133 108/239/131
f 97/247/134 87/248/115 77/249/122
f 87/250/115 106/251/135 77/252/122
f 87/250/115 78/253/114 106/251/135
f 76/234/99 90/233/129 65/254/101
f 81/255/123 107/256/136 77/257/122
f 100/240/137 101/244/138 99/258/139
f 101/242/138 100/243/137 99/258/139
f 82/259/127 88/260/110 89/261/140
f 88/260/110 65/262/101 102/263/141
f 82/230/127 89/264/140 102/265/141
f 82/230/127 102/265/141 65/231/101
f 65/266/101 92/267/125 109/268/128
f 109/268/128 92/267/125 102/269/141
f 87/270/115 97/271/134 105/272/142
f 90/233/129 111/273/143 65/254/101
f 87/270/115 105/272/142 90/274/129
f 105/272/142 77/275/122 90/274/129
f 90/276/129 77/252/122 106/251/135
f 107/256/136 75/277/111 117/278/144
f 81/255/123 75/277/111 107/256/136
f 88/279/110 82/280/127 107/281/136
f 95/282/130 96/283/130 94/284/130
f 102/285/141 89/286/140 109/287/128
f 6/288/7 162/289/109 279/290/38
f 65/291/101 116/292/145 115/293/146
f 65/291/101 119/294/147 116/292/145
f 65/291/101 93/295/148 119/294/147
f 102/269/141 92/267/125 88/296/110
f 90/276/129 106/251/135 111/297/143
f 115/293/146 93/295/148 114/298/149
f 77/275/122 105/272/142 111/297/143
f 77/275/122 111/297/143 78/253/114
f 78/253/114 111/297/143 106/251/135
f 116/292/145 119/299/150 115/293/146
f 116/292/151 119/299/152 120/300/153
f 119/294/147 93/295/148 120/300/154
f 107/301/136 117/302/144 88/303/110
f 88/296/110 92/267/125 89/304/140
f 115/293/146 119/299/150 120/300/154
f 93/295/148 115/293/146 120/300/154
f 107/305/136 57/306/39 77/307/122
f 75/277/111 77/308/122 117/278/144
f 105/309/142 65/310/101 126/311/155
f 111/312/143 126/311/155 65/310/101
f 114/298/149 121/313/156 115/293/146
f 77/314/122 88/315/110 97/316/134
f 77/307/122 57/306/39 117/317/144
f 117/302/144 57/318/39 88/303/110
f 121/319/156 108/320/131 65/321/101
f 26/322/36 134/323/157 59/324/88
f 24/325/41 2/326/37 129/327/158
f 129/327/159 124/328/160 123/329/161
f 2/326/37 124/328/162 129/327/158
f 2/326/37 6/330/7 124/328/162
f 113/331/163 118/332/164 93/333/148
f 113/331/163 93/333/148 105/334/142
f 105/335/142 93/336/148 65/337/101
f 105/309/142 126/311/155 118/338/164
f 82/280/127 57/339/39 107/281/136
f 75/277/111 88/303/110 77/308/122
f 24/325/41 129/340/158 6/330/7
f 129/340/158 124/341/162 6/330/7
f 125/342/165 97/343/134 57/344/39
f 105/345/142 118/346/164 111/312/143
f 97/347/134 88/348/110 57/349/39
f 115/350/146 136/351/166 65/352/101
f 115/353/146 137/354/167 136/355/166
f 121/319/156 137/356/167 115/357/146
f 121/319/156 136/358/166 137/356/167
f 65/321/101 136/358/166 121/319/156
f 130/359/168 138/360/169 139/361/170
f 109/362/128 89/363/140 146/364/171
f 58/365/104 57/366/39 279/367/38
f 136/355/172 135/368/173 137/369/174
f 138/370/175 140/371/176 141/372/177
f 138/360/175 139/361/178 140/373/176
f 139/374/179 138/370/175 141/372/177
f 139/374/180 142/375/181 141/372/182
f 139/361/178 141/376/177 140/373/176
f 131/377/183 70/378/124 145/379/184
f 105/380/142 97/381/134 158/382/185
f 143/383/186 121/384/156 114/385/149
f 108/386/131 131/387/183 144/388/187
f 108/389/131 144/390/187 145/391/184
f 108/389/131 145/391/184 70/378/124
f 131/387/183 145/392/184 144/393/187
f 131/394/183 91/395/126 70/396/124
f 91/397/126 148/398/188 147/399/189
f 92/400/125 91/397/126 147/401/189
f 92/400/125 147/401/189 273/402/190
f 273/402/190 148/398/188 91/397/126
f 273/402/190 147/401/189 148/403/188
f 93/336/148 118/404/164 126/405/155
f 144/388/191 151/406/192 145/407/193
f 147/401/194 148/403/195 152/408/196
f 158/409/185 113/410/163 105/411/142
f 114/412/149 93/336/148 111/413/143
f 93/336/148 126/405/155 111/413/143
f 118/346/164 114/414/149 111/312/143
f 92/400/125 273/402/190 122/415/197
f 134/323/157 26/322/36 154/416/198
f 154/416/199 155/417/200 153/418/201
f 154/416/198 26/322/36 155/417/202
f 155/417/202 26/322/36 57/419/39
f 57/419/39 134/323/157 155/417/202
f 158/382/185 160/420/203 159/421/204
f 158/382/185 159/422/204 125/423/165
f 158/382/185 97/381/134 160/420/203
f 125/423/165 159/422/204 160/424/203
f 160/424/203 97/381/134 125/423/165
f 154/425/198 155/426/202 134/323/157
f 159/422/205 160/424/206 164/427/207
f 121/428/156 227/429/208 108/430/131
f 158/409/185 125/431/165 163/432/209
f 125/342/165 57/344/39 163/433/209
f 163/432/210 169/434/211 165/435/212
f 163/432/209 169/434/213 158/409/185
f 163/433/209 57/344/39 169/436/213
f 114/385/149 170/437/214 173/438/215
f 118/439/164 166/440/216 114/385/149
f 166/441/217 167/442/218 170/437/219
f 166/441/216 170/437/214 114/385/149
f 166/440/216 118/439/164 170/443/214
f 59/444/88 185/445/220 60/446/221
f 158/409/185 169/434/213 57/447/39
f 113/448/163 173/438/215 118/439/164
f 118/439/164 173/438/215 170/443/214
f 131/449/183 108/450/131 227/451/208
f 134/323/157 171/452/222 59/453/88
f 113/410/163 158/409/185 173/454/215
f 57/419/39 171/452/222 134/323/157
f 143/455/186 227/456/208 121/457/156
f 131/394/183 272/458/223 91/459/126
f 174/460/224 143/461/225 173/438/215
f 143/461/225 177/462/226 173/438/215
f 177/462/226 114/385/149 173/438/215
f 171/463/222 178/464/227 59/465/88
f 158/466/185 184/467/228 173/468/215
f 177/462/226 143/461/225 174/460/224
f 59/469/88 176/470/229 18/471/6
f 179/472/230 181/473/231 180/474/232
f 180/474/233 183/475/234 182/476/235
f 181/473/236 183/475/234 180/474/233
f 181/473/236 185/477/220 183/475/234
f 158/466/185 57/478/39 184/467/228
f 184/479/228 172/480/237 173/481/215
f 182/476/235 185/477/220 180/482/233
f 180/482/233 185/477/220 181/483/236
f 58/484/104 172/485/237 57/486/39
f 172/480/237 186/487/238 173/481/215
f 184/488/228 57/489/39 186/487/238
f 57/490/39 172/491/237 190/492/239
f 172/493/237 174/494/224 186/495/238
f 186/487/238 57/489/39 173/481/215
f 186/487/238 190/496/239 184/488/228
f 186/497/238 174/498/224 190/492/239
f 173/499/215 190/492/239 174/498/224
f 122/500/197 237/501/240 92/502/125
f 122/500/197 191/503/241 237/501/240
f 122/500/197 193/504/242 191/505/241
f 237/501/240 191/503/241 192/506/243
f 193/504/242 192/506/243 191/505/241
f 193/504/242 237/501/240 192/506/243
f 178/464/227 171/463/222 194/507/244
f 194/507/245 196/508/246 187/509/247
f 194/507/244 171/463/222 196/508/248
f 171/463/222 195/510/249 196/508/248
f 110/511/86 188/512/250 162/513/109
f 110/511/86 365/514/251 201/515/252
f 110/511/86 201/515/252 188/512/250
f 188/512/253 201/515/254 189/516/255
f 172/491/237 184/517/228 190/492/239
f 57/518/39 190/492/239 173/499/215
f 191/503/256 203/519/257 192/506/258
f 60/520/221 175/521/259 59/522/88
f 178/464/227 194/523/244 195/510/249
f 194/523/244 196/524/248 195/510/249
f 195/510/249 204/525/260 178/464/227
f 204/525/260 195/510/249 198/526/261
f 198/526/262 199/527/263 197/528/264
f 198/526/261 195/510/249 199/527/265
f 195/510/249 171/463/222 199/527/265
f 171/463/222 204/525/260 199/527/265
f 365/514/251 162/513/109 201/515/252
f 162/513/109 188/529/250 201/515/252
f 183/530/234 57/531/39 182/532/235
f 183/475/234 185/477/220 57/533/39
f 227/534/208 272/458/223 131/394/183
f 198/535/261 199/536/265 204/525/260
f 143/537/186 214/538/266 227/539/208
f 205/540/267 215/541/268 202/542/269
f 208/543/270 207/544/271 216/545/272
f 208/543/273 216/545/274 109/546/128
f 109/546/128 216/545/274 206/547/275
f 208/548/273 146/549/171 216/550/274
f 109/546/128 146/549/171 208/548/273
f 18/551/6 229/552/276 60/520/221
f 18/551/6 218/553/277 229/552/276
f 18/551/6 176/554/229 218/553/277
f 176/470/229 175/555/259 220/556/278
f 178/464/227 185/557/220 59/558/88
f 224/559/279 212/560/280 211/561/281
f 209/562/282 212/560/280 224/559/279
f 209/562/283 212/560/284 210/563/285
f 211/561/286 213/564/287 57/565/39
f 212/560/288 213/564/287 211/561/286
f 227/539/208 214/538/266 226/566/289
f 206/547/275 216/550/274 146/549/171
f 18/567/6 238/568/290 149/569/291
f 229/552/292 218/553/293 217/570/294
f 60/520/221 229/571/276 218/553/277
f 218/553/277 176/554/229 60/520/221
f 176/470/229 230/572/295 60/573/221
f 230/572/296 219/574/297 220/556/298
f 230/572/295 176/470/229 220/556/278
f 60/573/221 230/575/295 220/556/278
f 220/556/278 175/555/259 60/573/221
f 176/470/229 231/576/299 175/555/259
f 176/470/229 59/469/88 232/577/300
f 232/577/301 221/578/302 222/579/303
f 232/577/300 231/576/299 176/470/229
f 232/577/301 231/576/304 221/580/302
f 232/577/300 59/469/88 222/579/305
f 175/555/259 232/581/306 222/579/305
f 222/579/305 59/469/88 175/555/259
f 204/525/260 185/557/220 178/464/227
f 223/582/307 233/583/308 234/584/309
f 234/584/309 235/585/310 223/582/307
f 234/584/311 213/564/287 235/585/310
f 204/525/260 213/564/287 234/584/311
f 224/586/279 211/587/281 209/588/282
f 209/588/282 211/587/281 212/589/312
f 223/582/307 213/564/287 225/590/313
f 235/585/310 213/564/287 223/582/307
f 211/587/286 57/565/39 225/590/313
f 211/587/286 225/590/313 212/589/288
f 212/589/288 225/590/313 213/564/287
f 214/538/266 143/537/186 236/591/314
f 215/592/268 205/593/267 202/594/269
f 18/595/6 228/596/315 238/597/290
f 18/598/6 149/599/291 110/600/86
f 231/576/299 232/581/306 175/555/259
f 223/582/307 225/590/313 233/583/308
f 233/583/308 225/590/313 235/601/316
f 233/583/308 235/601/316 234/602/309
f 234/602/311 235/601/316 204/525/260
f 225/590/313 185/557/220 235/601/316
f 235/601/316 185/557/220 204/525/260
f 213/564/287 204/525/260 57/565/39
f 214/603/266 241/604/317 226/605/289
f 227/539/208 226/566/289 236/606/314
f 109/607/128 244/608/318 82/609/127
f 82/609/127 244/608/318 245/610/319
f 82/611/127 1141/612/320 57/613/39
f 109/607/128 245/614/319 244/615/318
f 109/607/128 206/616/275 245/614/319
f 206/617/275 246/618/321 1141/619/320
f 206/620/275 1141/612/320 82/611/127
f 238/568/290 250/621/322 149/569/291
f 238/568/323 250/621/324 251/622/325
f 238/597/290 228/596/315 250/623/322
f 238/597/323 239/624/326 250/623/324
f 239/625/326 238/568/323 251/622/325
f 239/625/326 251/622/325 253/626/327
f 239/624/326 252/627/328 250/623/324
f 239/625/326 253/628/327 252/629/328
f 236/630/314 114/631/149 214/603/266
f 226/605/289 114/632/149 236/633/314
f 236/606/314 241/634/317 227/539/208
f 244/608/329 256/635/330 245/610/331
f 245/636/331 256/637/330 255/638/332
f 245/636/333 255/638/334 57/613/39
f 245/610/319 206/616/275 82/609/127
f 57/613/39 255/638/334 246/639/321
f 57/613/39 1141/612/320 245/636/333
f 244/640/329 255/641/332 256/642/330
f 245/643/335 255/641/332 244/640/329
f 245/643/333 246/639/321 255/641/334
f 245/643/333 1141/644/320 246/639/321
f 246/618/321 206/617/275 57/645/39
f 149/569/291 250/621/322 228/646/315
f 250/621/324 257/647/336 251/622/325
f 250/648/324 252/649/328 257/647/336
f 252/649/328 251/650/325 257/647/336
f 252/649/328 253/651/327 251/650/325
f 253/626/337 251/622/338 258/652/339
f 60/653/221 185/654/220 18/655/6
f 204/656/260 171/657/222 57/658/39
f 143/659/186 114/660/149 241/634/317
f 143/659/186 241/634/317 236/606/314
f 92/661/125 237/662/240 89/663/140
f 259/664/340 260/665/341 269/666/342
f 260/665/341 259/664/340 261/667/343
f 260/665/344 270/668/345 261/667/346
f 261/667/346 270/668/345 185/669/220
f 225/590/313 57/565/39 185/557/220
f 174/670/224 172/671/237 177/672/226
f 114/632/149 226/605/289 241/604/317
f 228/673/315 268/674/347 274/675/348
f 228/673/315 1142/676/349 268/677/347
f 268/678/350 270/668/345 269/666/351
f 268/677/350 276/679/352 270/680/345
f 268/677/353 1142/676/354 276/679/355
f 269/666/351 260/681/356 278/682/357
f 269/666/351 270/668/345 260/665/344
f 269/666/351 278/683/357 268/678/350
f 270/668/345 276/684/352 278/683/357
f 261/685/346 278/682/357 260/681/356
f 185/669/220 278/682/357 261/685/346
f 114/686/149 177/687/226 172/688/237
f 274/689/348 149/569/291 228/646/315
f 274/689/348 275/690/358 149/569/291
f 274/675/348 1142/691/359 275/692/358
f 275/693/360 277/694/361 1142/676/362
f 275/693/360 1142/676/349 228/673/315
f 275/693/360 228/673/315 277/694/361
f 268/674/350 278/695/357 276/696/352
f 268/674/347 1142/691/359 274/675/348
f 276/696/363 149/697/291 1142/691/364
f 276/679/363 1142/676/362 277/694/361
f 276/679/363 277/694/361 149/698/291
f 270/668/345 278/683/357 277/699/361
f 240/700/365 172/485/237 58/484/104
f 272/701/223 273/702/190 91/703/126
f 18/704/6 277/694/361 228/673/315
f 275/692/358 1142/691/364 149/697/291
f 149/705/291 277/699/361 278/683/357
f 277/699/361 185/669/220 270/668/345
f 114/706/149 172/671/237 284/707/366
f 241/708/317 318/709/367 227/710/208
f 281/711/368 285/712/369 286/713/370
f 282/714/371 266/715/372 287/716/373
f 282/714/374 287/716/375 283/717/376
f 282/714/371 273/718/190 266/715/372
f 122/719/197 287/720/373 266/715/372
f 122/721/197 273/722/190 282/723/371
f 282/723/371 287/724/373 122/721/197
f 266/725/372 193/726/242 122/727/197
f 277/728/361 18/729/6 185/730/220
f 299/731/377 114/706/149 284/707/366
f 227/732/208 302/733/378 293/734/379
f 227/732/208 293/734/379 272/701/223
f 285/712/380 294/735/381 295/736/382
f 285/737/380 286/738/383 294/739/381
f 286/740/384 146/741/171 89/742/140
f 286/713/385 285/712/380 295/736/382
f 286/713/384 280/743/386 295/736/387
f 286/738/383 295/744/382 294/739/381
f 286/738/384 295/744/387 146/741/171
f 89/745/140 280/743/386 286/713/384
f 89/663/140 237/662/240 280/746/386
f 57/747/39 288/748/388 182/749/235
f 284/750/389 297/751/390 298/752/391
f 172/671/237 298/752/392 284/750/366
f 289/753/393 290/754/394 300/755/395
f 290/756/396 301/757/397 300/758/398
f 290/759/399 291/760/400 301/761/401
f 290/754/402 304/762/403 305/763/404
f 290/754/402 305/763/404 301/764/397
f 227/732/208 271/765/405 302/733/378
f 292/766/406 293/734/407 302/733/408
f 293/734/379 302/767/378 271/765/405
f 293/734/379 271/765/405 272/701/223
f 295/768/387 280/743/386 146/769/171
f 284/770/366 298/752/392 299/731/377
f 298/752/392 172/671/237 299/731/377
f 300/771/398 305/772/404 304/762/403
f 300/758/398 306/773/409 305/774/404
f 300/755/398 304/762/403 290/754/402
f 301/757/397 306/773/409 300/758/398
f 301/761/397 305/775/404 306/776/409
f 149/777/291 278/778/357 185/779/220
f 305/780/410 306/781/411 307/782/412
f 114/783/149 299/784/377 214/785/266
f 193/786/242 266/787/372 309/788/413
f 309/788/413 266/787/372 316/789/414
f 309/788/415 316/789/416 317/790/417
f 193/786/242 309/791/413 339/792/418
f 309/791/413 316/793/414 339/792/418
f 57/794/39 310/795/419 288/796/388
f 316/789/414 266/787/372 339/792/418
f 319/797/420 206/798/275 335/799/421
f 146/800/171 329/801/422 206/798/275
f 299/784/377 332/802/423 214/785/266
f 332/803/424 320/804/425 321/805/426
f 332/802/423 333/806/427 214/785/266
f 320/807/425 332/808/424 333/809/428
f 320/807/425 333/809/428 321/810/426
f 321/805/429 320/804/430 322/811/431
f 241/812/317 334/813/432 311/814/433
f 323/815/434 326/816/435 327/817/436
f 324/818/437 325/819/438 327/817/439
f 324/818/440 323/815/434 327/817/436
f 327/817/441 328/820/442 326/816/443
f 267/821/444 162/822/109 365/823/251
f 288/796/388 331/824/445 182/825/235
f 214/785/266 333/806/427 312/826/446
f 332/827/424 321/810/426 333/809/428
f 332/828/423 299/829/377 333/830/427
f 333/830/427 299/829/377 312/831/446
f 214/832/266 312/833/446 311/834/433
f 57/835/39 206/836/275 344/837/447
f 323/838/434 324/839/440 326/840/435
f 324/839/440 327/841/448 326/840/435
f 319/842/420 344/843/447 206/844/275
f 329/845/422 319/797/420 335/799/421
f 329/801/422 335/846/421 330/847/449
f 329/801/422 330/847/449 206/798/275
f 146/848/171 338/849/450 329/850/422
f 339/792/418 266/787/372 273/851/190
f 337/852/451 342/853/452 331/824/445
f 337/852/451 1143/854/453 342/853/452
f 331/824/445 288/796/388 337/852/451
f 288/796/388 1143/854/453 337/852/451
f 311/814/433 334/813/432 214/855/266
f 329/856/422 338/857/450 319/858/420
f 341/859/454 1143/854/455 343/860/456
f 342/853/457 1143/854/455 341/859/454
f 342/853/452 1143/861/458 331/824/445
f 331/824/445 1143/861/458 185/862/220
f 240/863/365 299/864/377 172/865/237
f 311/866/433 318/867/367 241/868/317
f 346/869/459 348/870/460 349/871/461
f 206/872/275 338/873/450 335/874/421
f 206/875/275 330/876/449 338/873/450
f 338/849/450 146/848/171 335/877/421
f 335/878/421 146/879/171 330/876/449
f 331/824/445 185/862/220 182/825/235
f 343/880/462 288/796/388 185/862/220
f 343/881/462 185/862/220 1143/861/458
f 227/882/208 318/883/367 271/884/405
f 348/870/463 350/885/464 352/886/465
f 348/887/463 349/888/466 350/889/464
f 349/871/467 348/870/463 352/886/465
f 349/871/468 351/890/469 352/886/470
f 349/888/466 352/891/465 350/889/464
f 349/888/468 352/891/470 272/701/223
f 272/701/223 351/890/469 349/871/468
f 272/701/223 352/891/470 273/702/190
f 319/858/420 338/857/450 330/892/449
f 146/893/171 501/894/471 330/895/449
f 334/896/432 355/897/472 214/898/266
f 214/898/266 355/897/472 241/899/317
f 352/891/470 351/890/469 273/702/190
f 56/900/103 340/901/473 200/902/474
f 312/833/446 362/903/475 311/834/433
f 241/899/317 362/904/475 334/905/432
f 311/866/433 362/906/475 318/867/367
f 146/907/171 280/908/386 501/909/471
f 56/900/103 279/910/38 340/901/473
f 193/911/242 339/912/418 237/913/240
f 387/914/476 310/915/419 57/916/39
f 312/917/446 334/918/432 362/919/475
f 241/899/317 355/897/472 362/904/475
f 358/920/477 360/921/478 357/922/479
f 358/920/480 273/851/190 360/921/481
f 358/923/480 360/924/481 339/792/418
f 339/792/418 273/851/190 358/920/480
f 339/792/418 360/924/481 359/925/482
f 344/926/447 356/927/483 57/928/39
f 273/851/190 359/925/482 360/921/481
f 288/929/388 310/930/419 361/931/484
f 240/932/365 312/833/446 299/933/377
f 334/918/432 312/934/446 355/935/472
f 271/765/405 351/936/469 272/701/223
f 149/937/291 185/938/220 336/939/485
f 361/940/484 185/862/220 288/796/388
f 273/941/190 351/942/469 364/943/486
f 363/944/487 369/945/488 271/946/405
f 310/915/419 387/914/476 185/947/220
f 344/948/447 375/949/489 382/950/490
f 368/951/491 363/944/487 376/952/492
f 363/944/487 368/953/491 369/945/488
f 368/953/493 376/952/494 369/945/495
f 369/945/488 368/954/496 271/946/405
f 339/912/418 359/955/482 371/956/497
f 371/956/497 237/913/240 339/912/418
f 371/956/497 373/957/498 237/913/240
f 372/958/499 371/956/500 373/957/501
f 312/959/446 378/960/502 355/961/472
f 318/867/367 362/906/475 367/962/503
f 376/952/492 363/944/487 351/963/469
f 376/952/492 351/963/469 368/954/496
f 368/954/496 351/963/469 271/946/405
f 371/964/497 359/955/482 373/965/498
f 373/965/498 359/955/482 237/913/240
f 378/966/504 380/967/505 379/968/506
f 378/960/502 380/969/507 355/961/472
f 312/970/446 380/967/508 378/966/502
f 312/970/446 383/971/509 380/967/508
f 379/968/510 366/972/511 381/973/512
f 379/974/513 380/969/514 384/975/515
f 380/967/516 381/973/517 379/968/518
f 380/967/519 379/976/520 383/971/521
f 366/977/511 379/974/510 384/975/522
f 366/977/511 384/975/522 374/978/523
f 381/973/512 366/979/511 374/978/523
f 381/973/512 374/978/523 379/976/524
f 319/980/420 330/981/449 344/982/447
f 312/833/446 240/983/365 383/984/509
f 355/961/472 380/969/507 383/971/509
f 383/985/509 240/986/365 355/987/472
f 379/976/524 374/978/523 384/975/522
f 356/988/483 344/989/447 386/990/525
f 344/989/447 382/991/490 386/990/525
f 344/948/447 330/992/449 375/949/489
f 280/993/386 359/994/482 501/995/471
f 365/996/251 336/997/485 267/998/444
f 355/999/472 240/1000/365 362/1001/475
f 336/1002/485 365/1003/251 110/1004/86
f 279/1005/38 418/1006/526 340/1007/473
f 340/1008/473 429/1009/527 200/1010/474
f 57/1011/39 423/1012/528 157/1013/529
f 356/988/483 382/991/490 375/1014/489
f 382/1015/490 356/1016/483 330/1017/449
f 382/1015/490 330/1018/449 386/1019/525
f 340/1020/473 418/1021/526 395/1022/530
f 279/1005/38 393/1023/531 418/1006/526
f 340/1024/473 391/1025/532 390/1026/533
f 418/1021/526 398/1027/534 395/1022/530
f 391/1025/535 394/1028/536 392/1029/537
f 340/1024/473 394/1028/538 391/1025/532
f 340/1024/473 395/1030/530 394/1028/538
f 361/1031/484 385/1032/539 185/1033/220
f 356/927/483 388/1034/540 423/1035/528
f 356/988/483 375/1014/489 388/1036/540
f 330/1017/449 401/1037/541 375/1038/489
f 390/1026/533 391/1039/532 394/1040/538
f 390/1026/533 394/1040/538 395/1030/530
f 395/1022/530 397/1041/542 396/1042/543
f 396/1042/544 402/1043/545 399/1044/546
f 397/1041/547 396/1042/544 399/1044/546
f 397/1041/542 403/1045/548 399/1044/549
f 395/1022/530 398/1027/534 403/1045/548
f 395/1022/530 403/1045/548 397/1041/542
f 398/1027/534 428/1046/550 403/1045/548
f 403/1045/551 404/1047/552 399/1044/553
f 318/883/367 400/1048/554 271/884/405
f 386/1019/525 401/1037/541 356/1016/483
f 356/1016/483 401/1037/541 330/1017/449
f 267/998/444 415/1049/555 471/1050/556
f 279/1005/38 428/1051/550 393/1023/531
f 390/1026/533 428/1052/550 340/1024/473
f 395/1022/530 396/1053/543 390/1054/533
f 390/1054/533 396/1053/543 397/1055/557
f 390/1054/533 397/1055/557 428/1046/550
f 396/1053/544 397/1055/558 402/1056/545
f 397/1055/558 399/1057/546 402/1056/545
f 397/1055/557 399/1057/559 428/1046/550
f 428/1046/550 399/1057/559 403/1058/548
f 428/1046/550 398/1027/534 406/1059/560
f 405/1060/561 419/1061/562 407/1062/563
f 406/1059/560 398/1027/534 407/1063/564
f 406/1064/565 405/1060/561 407/1062/563
f 419/1061/566 421/1065/567 420/1066/568
f 407/1062/569 421/1065/567 419/1061/566
f 407/1063/564 398/1067/534 421/1068/570
f 421/1065/571 408/1069/572 420/1066/573
f 398/1067/534 418/1070/526 421/1071/570
f 318/1072/367 367/1073/503 409/1074/574
f 422/1075/575 411/1076/576 318/883/367
f 410/1077/577 411/1076/578 422/1075/579
f 318/883/367 409/1078/574 422/1075/575
f 411/1076/576 400/1048/554 318/883/367
f 411/1076/576 422/1079/575 400/1048/554
f 271/884/405 400/1048/554 412/1080/580
f 412/1080/580 414/1081/581 271/884/405
f 412/1080/582 414/1081/583 413/1082/584
f 271/884/405 414/1083/581 409/1078/574
f 375/1038/489 401/1037/541 386/1084/525
f 471/1050/556 415/1049/555 416/1085/585
f 267/998/444 416/1086/586 415/1049/555
f 416/1085/585 426/1087/587 471/1050/556
f 267/998/444 426/1087/587 416/1086/586
f 267/998/444 336/997/485 426/1087/587
f 416/1086/588 426/1087/589 415/1049/590
f 428/1046/550 406/1088/560 418/1070/526
f 405/1089/561 406/1090/565 419/1091/562
f 406/1088/565 407/1092/591 419/1093/562
f 406/1088/560 407/1092/592 418/1070/526
f 419/1093/566 420/1094/568 407/1092/593
f 407/1092/593 420/1094/568 421/1095/571
f 407/1092/592 421/1095/570 418/1070/526
f 422/1079/575 409/1078/574 400/1048/554
f 400/1048/554 409/1078/574 412/1096/580
f 412/1096/580 409/1078/574 414/1083/581
f 426/1087/587 336/997/485 471/1050/556
f 279/1005/38 162/1097/109 428/1051/550
f 393/1098/531 429/1099/527 418/1100/526
f 385/1101/539 427/1102/594 185/1103/220
f 57/1104/39 356/1105/483 423/1106/528
f 280/1107/386 431/1108/595 430/1109/596
f 280/1107/386 430/1109/596 359/1110/482
f 237/1111/240 431/1112/595 280/1107/386
f 359/1110/482 430/1109/596 431/1113/595
f 359/1110/482 431/1113/595 237/1111/240
f 340/1008/473 389/1114/597 429/1115/527
f 429/1116/527 417/1117/598 200/1118/474
f 431/1108/599 432/1119/600 430/1109/601
f 418/1100/526 429/1099/527 428/1120/550
f 271/884/405 409/1078/574 363/1121/487
f 386/1122/525 330/1123/449 501/1124/471
f 361/931/484 438/1125/602 385/1126/539
f 375/1014/489 436/1127/603 388/1036/540
f 436/1128/603 386/1129/525 388/1130/540
f 386/1131/525 439/1132/604 375/1133/489
f 417/1134/598 389/1135/597 200/1136/474
f 385/1137/539 440/1138/605 427/1139/594
f 440/1140/606 438/1141/607 437/1142/608
f 440/1140/605 385/1137/539 438/1141/602
f 438/1141/602 361/1143/484 440/1144/605
f 386/1129/525 441/1145/609 388/1130/540
f 436/1128/603 439/1146/604 386/1129/525
f 440/1144/605 361/1143/484 427/1139/594
f 361/931/484 310/930/419 427/1147/594
f 427/1147/594 310/930/419 185/1148/220
f 386/1149/525 501/1150/471 441/1151/609
f 351/942/469 363/1152/487 442/1153/610
f 442/1153/610 364/943/486 351/942/469
f 442/1153/610 444/1154/611 364/943/486
f 443/1155/612 444/1154/613 442/1153/614
f 162/1156/109 340/1024/473 428/1052/550
f 439/1157/604 436/1158/603 501/1150/471
f 442/1159/610 363/1152/487 444/1160/611
f 363/1152/487 364/943/486 444/1160/611
f 336/1161/485 110/1162/86 149/1163/291
f 389/1164/597 445/1165/615 429/1166/527
f 389/1167/597 469/1168/616 445/1169/615
f 393/1170/531 448/1171/617 1144/1172/618
f 393/1170/531 507/1173/619 448/1171/617
f 441/1145/609 458/1174/620 388/1130/540
f 439/1175/604 501/1176/471 375/1177/489
f 340/1178/473 433/1179/621 389/1180/597
f 389/1135/597 417/1134/598 459/1181/622
f 507/1173/619 1144/1182/623 448/1171/617
f 447/1183/624 1144/1172/618 461/1184/625
f 448/1171/626 1144/1172/627 446/1185/628
f 448/1186/626 462/1187/629 461/1188/630
f 448/1186/626 446/1189/628 462/1187/629
f 448/1186/626 461/1188/630 1144/1190/631
f 449/1191/632 446/1185/628 1144/1172/627
f 449/1191/632 450/1192/633 446/1185/628
f 450/1192/634 451/1193/635 463/1194/636
f 450/1192/633 463/1194/637 452/1195/638
f 446/1185/628 450/1192/633 452/1195/638
f 446/1185/628 452/1195/638 453/1196/639
f 446/1185/628 453/1196/639 462/1197/629
f 463/1194/637 464/1198/640 452/1195/638
f 452/1199/641 456/1200/642 464/1201/643
f 452/1199/644 457/1202/645 456/1200/646
f 453/1203/647 452/1199/648 454/1204/649
f 464/1201/643 456/1200/642 455/1205/650
f 454/1204/651 457/1202/645 452/1199/644
f 362/1206/475 468/1207/652 367/1208/503
f 389/1180/597 433/1179/621 200/1209/474
f 389/1167/597 459/1210/622 469/1168/616
f 417/1134/598 460/1211/653 445/1212/615
f 429/1099/527 467/1213/654 428/1120/550
f 507/1214/619 447/1215/624 461/1188/625
f 461/1188/630 462/1187/629 449/1216/632
f 461/1184/630 449/1191/632 1144/1172/627
f 461/1188/625 1144/1190/623 507/1214/619
f 449/1216/632 462/1187/629 450/1217/633
f 450/1217/633 462/1187/629 463/1218/637
f 462/1197/629 464/1219/640 463/1220/637
f 462/1221/629 452/1222/655 464/1223/640
f 462/1221/629 453/1224/639 452/1222/655
f 464/1223/643 455/1225/650 452/1222/656
f 452/1222/656 455/1225/650 456/1226/642
f 452/1222/657 456/1226/646 454/1227/651
f 367/1228/503 468/1229/652 470/1230/658
f 388/1130/540 458/1174/620 423/1231/528
f 441/1151/609 501/1150/471 436/1158/603
f 200/1232/474 433/1233/621 459/1234/622
f 393/1235/531 447/1236/624 429/1237/527
f 423/1238/528 458/1239/620 436/1158/603
f 436/1240/603 375/1133/489 423/1241/528
f 433/1242/621 460/1243/653 429/1244/527
f 417/1245/598 467/1246/654 460/1243/653
f 436/1158/603 458/1239/620 473/1247/659
f 436/1158/603 473/1247/659 441/1151/609
f 417/1248/598 472/1249/660 459/1250/622
f 469/1168/616 417/1248/598 445/1169/615
f 445/1251/615 433/1242/621 429/1252/527
f 460/1243/653 467/1246/654 429/1244/527
f 393/1253/531 428/1254/550 507/1255/619
f 240/1256/365 475/1257/661 362/1258/475
f 475/1257/661 476/1259/662 362/1258/475
f 475/1257/663 476/1259/664 477/1260/665
f 362/1258/475 476/1259/662 468/1261/652
f 375/1177/489 473/1262/659 423/1263/528
f 458/1264/620 441/1265/609 474/1266/666
f 474/1267/666 375/1177/489 501/1176/471
f 417/1248/598 469/1168/616 472/1249/660
f 476/1268/662 475/1269/661 468/1261/652
f 458/1270/620 479/1271/667 473/1272/659
f 445/1212/615 460/1211/653 472/1273/660
f 240/1256/365 468/1261/652 475/1269/661
f 478/1274/668 479/1275/669 481/1276/670
f 479/1275/667 482/1277/671 481/1276/672
f 479/1271/667 481/1278/673 473/1272/659
f 458/1270/620 482/1277/671 479/1275/667
f 473/1247/659 474/1279/666 441/1151/609
f 429/1280/527 447/1281/624 417/1282/598
f 480/1283/674 483/1284/675 481/1278/676
f 481/1276/672 482/1277/671 483/1285/677
f 481/1278/673 483/1284/677 473/1272/659
f 240/1256/365 58/1286/104 367/1287/503
f 483/1285/677 482/1277/671 473/1272/659
f 200/1288/474 459/1289/622 472/1290/660
f 469/1291/616 488/1292/678 484/1293/679
f 472/1249/660 469/1168/616 485/1294/680
f 473/1272/659 486/1295/681 423/1296/528
f 375/1177/489 474/1267/666 473/1262/659
f 469/1291/616 459/1297/622 487/1298/682
f 484/1299/679 485/1294/680 469/1168/616
f 484/1299/683 488/1300/684 485/1294/685
f 485/1294/680 484/1301/686 472/1249/660
f 472/1273/660 484/1302/686 445/1212/615
f 240/1303/365 367/1304/503 489/1305/687
f 240/1303/365 489/1305/687 468/1306/652
f 469/1291/616 490/1307/688 488/1292/678
f 488/1292/678 490/1307/688 484/1308/686
f 484/1308/686 490/1307/688 445/1309/615
f 445/1309/615 490/1307/688 433/1310/621
f 200/1311/474 487/1312/682 56/1313/103
f 472/1314/660 487/1312/682 200/1311/474
f 487/1298/682 490/1307/688 469/1291/616
f 486/1295/681 473/1272/659 482/1315/671
f 458/1316/620 474/1317/666 482/1318/671
f 460/1243/653 433/1242/621 472/1319/660
f 470/1320/658 468/1321/652 409/1322/574
f 472/1290/660 490/1307/688 487/1298/682
f 367/1228/503 58/1323/104 409/1322/574
f 428/1254/550 467/1324/654 507/1255/619
f 470/1230/658 489/1325/687 367/1228/503
f 486/1326/681 491/1327/689 423/1328/528
f 486/1329/681 482/1330/671 493/1331/690
f 363/1332/487 409/1333/574 500/1334/691
f 423/1335/528 509/1336/692 492/1337/693
f 509/1336/692 423/1335/528 491/1338/689
f 492/1337/693 509/1336/692 482/1339/671
f 493/1331/690 482/1330/671 509/1340/692
f 273/1341/190 364/1342/486 495/1343/694
f 273/1341/190 495/1343/694 502/1344/695
f 459/1345/622 56/1313/103 487/1312/682
f 472/1346/660 58/1347/104 490/1348/688
f 58/1323/104 489/1349/687 409/1322/574
f 470/1320/658 409/1322/574 489/1349/687
f 423/1335/528 492/1337/693 496/1350/696
f 494/1351/697 498/1352/698 499/1353/699
f 494/1354/697 495/1355/700 498/1356/698
f 495/1357/700 494/1351/697 499/1353/699
f 495/1357/694 364/1342/486 499/1353/701
f 495/1355/700 499/1358/702 498/1356/698
f 495/1355/694 499/1358/701 502/1344/695
f 447/1359/624 58/1360/104 417/1361/598
f 496/1362/696 491/1363/689 486/1364/681
f 498/1356/703 497/1365/704 499/1358/705
f 499/1358/701 364/1342/486 502/1344/695
f 496/1366/696 492/1367/693 491/1368/689
f 467/1369/654 58/1370/104 433/1371/621
f 486/1364/681 509/1372/692 496/1362/696
f 417/1361/598 58/1360/104 467/1373/654
f 496/1362/696 509/1372/692 503/1374/706
f 468/1375/652 500/1334/691 409/1333/574
f 503/1374/706 509/1372/692 491/1368/689
f 433/1376/621 58/1347/104 472/1346/660
f 503/1374/706 491/1368/689 492/1367/693
f 423/1377/528 503/1378/706 157/1379/529
f 493/1380/690 508/1381/707 486/1382/681
f 493/1380/690 509/1383/692 505/1384/708
f 474/1385/666 518/1386/709 482/1387/671
f 505/1384/708 503/1388/706 493/1380/690
f 493/1380/690 503/1388/706 508/1381/707
f 267/1389/444 471/1390/556 162/1391/109
f 162/1392/109 517/1393/710 340/1394/473
f 482/1387/671 518/1386/709 492/1395/693
f 490/1348/688 58/1347/104 56/1396/103
f 505/1384/708 509/1383/692 508/1397/707
f 474/1398/666 501/1399/471 530/1400/711
f 490/1401/688 56/1402/103 433/1403/621
f 387/1404/476 513/1405/712 512/1406/713
f 387/1404/476 157/1407/529 513/1405/712
f 513/1405/714 514/1408/715 512/1406/716
f 387/1404/476 512/1409/713 503/1410/706
f 503/1410/706 512/1409/713 513/1411/712
f 503/1410/706 513/1411/712 157/1407/529
f 489/1412/687 500/1413/691 468/1414/652
f 459/1234/622 433/1415/621 56/1416/103
f 486/1417/681 492/1418/693 515/1419/717
f 515/1419/717 519/1420/718 486/1417/681
f 492/1421/693 518/1422/709 519/1423/718
f 492/1418/693 519/1424/718 515/1425/717
f 515/1425/719 520/1426/720 519/1424/721
f 516/1427/722 521/1428/723 522/1429/724
f 496/1362/696 503/1374/706 423/1430/528
f 503/1388/706 505/1384/708 523/1431/725
f 509/1432/692 524/1433/726 508/1434/707
f 486/1417/681 518/1435/709 509/1436/692
f 519/1420/718 518/1435/709 486/1417/681
f 521/1428/727 518/1386/709 522/1429/728
f 521/1428/727 530/1437/711 518/1386/709
f 522/1429/728 518/1386/709 474/1385/666
f 522/1438/728 530/1437/711 521/1439/727
f 474/1440/666 530/1441/711 522/1442/728
f 505/1384/708 508/1397/707 523/1431/725
f 486/1443/681 508/1444/707 524/1445/726
f 503/1446/706 492/1447/693 486/1443/681
f 524/1448/726 536/1449/729 503/1450/706
f 517/1393/710 162/1392/109 433/1451/621
f 340/1452/473 527/1453/730 433/1454/621
f 517/1455/710 527/1456/730 340/1452/473
f 517/1455/710 528/1457/731 527/1456/730
f 527/1456/732 528/1457/733 529/1458/734
f 503/1446/706 486/1443/681 524/1445/726
f 517/1455/710 433/1454/621 528/1457/731
f 433/1454/621 527/1453/730 528/1457/731
f 503/1450/706 536/1449/729 508/1459/707
f 364/1342/486 555/1460/735 531/1461/736
f 531/1461/736 532/1462/737 364/1342/486
f 531/1461/736 555/1460/735 535/1463/738
f 531/1461/739 535/1463/740 532/1462/741
f 532/1462/737 502/1344/695 364/1342/486
f 532/1462/737 531/1464/742 502/1344/695
f 526/1465/743 534/1466/744 533/1467/745
f 535/1463/738 502/1344/695 531/1464/742
f 535/1463/738 555/1460/735 502/1344/695
f 526/1465/743 525/1468/746 534/1466/744
f 534/1466/744 525/1468/746 537/1469/747
f 509/1470/692 518/1471/709 530/1472/711
f 363/1473/487 555/1474/735 364/1475/486
f 489/1476/687 541/1477/748 538/1478/749
f 489/1476/687 539/1479/750 541/1477/748
f 534/1480/744 542/1481/751 533/1482/745
f 501/1483/471 545/1484/752 530/1485/711
f 526/1486/743 533/1487/745 546/1488/753
f 530/1472/711 544/1489/754 552/1490/755
f 502/1344/695 555/1491/735 273/1341/190
f 471/1492/556 543/1493/756 162/1494/109
f 538/1478/749 500/1495/691 489/1476/687
f 508/1459/707 536/1496/729 523/1497/725
f 536/1498/729 524/1499/726 540/1500/757
f 530/1485/711 545/1484/752 544/1501/754
f 534/1480/744 548/1502/758 549/1503/759
f 534/1480/744 549/1503/759 542/1481/751
f 57/1504/39 157/1505/529 563/1506/760
f 526/1507/743 558/1508/761 551/1509/762
f 526/1507/743 546/1510/753 558/1508/761
f 546/1511/753 533/1512/745 551/1513/762
f 548/1502/758 533/1512/745 549/1503/759
f 544/1501/754 554/1514/763 501/1515/471
f 544/1516/754 562/1517/764 553/1518/765
f 564/1519/766 539/1479/750 489/1476/687
f 525/1520/746 526/1465/743 540/1521/757
f 534/1466/744 537/1469/747 548/1522/758
f 526/1523/743 551/1513/762 548/1502/758
f 526/1524/743 548/1522/758 537/1469/747
f 551/1513/762 533/1512/745 548/1502/758
f 533/1512/745 559/1525/767 549/1503/759
f 544/1516/754 553/1518/765 552/1526/755
f 544/1501/754 545/1484/752 554/1514/763
f 489/1527/687 58/1528/104 564/1529/766
f 541/1477/748 557/1530/768 538/1478/749
f 556/1531/769 557/1530/768 541/1477/748
f 556/1531/769 541/1477/748 560/1532/770
f 556/1533/771 557/1534/772 560/1535/773
f 500/1536/691 556/1537/774 560/1535/770
f 557/1534/768 500/1536/691 538/1538/749
f 557/1534/768 556/1537/774 500/1536/691
f 530/1539/711 552/1540/755 561/1541/775
f 558/1542/761 537/1543/747 551/1513/762
f 546/1510/753 559/1544/767 558/1508/761
f 551/1513/762 559/1525/767 546/1511/753
f 551/1513/762 549/1503/759 559/1525/767
f 537/1543/747 549/1503/759 551/1513/762
f 501/1515/471 554/1514/763 553/1545/765
f 501/1546/471 562/1547/764 544/1548/754
f 560/1535/770 541/1549/748 500/1536/691
f 509/1550/692 530/1551/711 540/1552/757
f 558/1508/761 559/1544/767 537/1553/747
f 552/1554/755 553/1545/765 554/1514/763
f 553/1518/765 545/1555/752 501/1556/471
f 57/1504/39 563/1506/760 387/1557/476
f 503/1558/706 540/1559/757 387/1560/476
f 524/1561/726 561/1562/775 540/1552/757
f 561/1562/775 509/1550/692 540/1552/757
f 540/1552/757 530/1551/711 565/1563/776
f 559/1544/767 540/1564/757 537/1553/747
f 554/1514/763 545/1484/752 552/1565/755
f 540/1552/757 565/1563/776 525/1566/746
f 561/1562/775 571/1567/777 530/1568/711
f 561/1562/775 570/1569/778 571/1567/777
f 537/1553/747 540/1564/757 526/1507/743
f 561/1570/775 552/1571/755 509/1572/692
f 533/1573/745 540/1564/757 559/1544/767
f 567/1574/779 568/1575/780 566/1576/781
f 567/1574/782 549/1577/759 552/1578/755
f 567/1574/782 552/1578/755 568/1575/783
f 567/1579/782 542/1580/751 549/1577/759
f 567/1579/782 568/1581/783 542/1580/751
f 568/1581/783 552/1578/755 542/1580/751
f 552/1582/755 545/1583/752 562/1584/764
f 572/1585/784 500/1536/691 541/1549/748
f 569/1586/785 574/1587/786 573/1588/787
f 571/1567/777 565/1589/776 530/1568/711
f 533/1487/745 578/1590/788 540/1591/757
f 545/1555/752 553/1518/765 562/1517/764
f 564/1592/766 576/1593/789 500/1594/691
f 564/1592/766 572/1595/784 539/1596/750
f 564/1592/766 500/1594/691 572/1595/784
f 573/1597/790 540/1598/757 523/1599/725
f 573/1597/790 523/1599/725 574/1600/791
f 574/1600/791 523/1599/725 536/1601/729
f 574/1587/791 540/1598/757 573/1588/790
f 574/1587/791 536/1601/729 540/1598/757
f 552/1571/755 571/1602/777 509/1603/692
f 509/1603/692 571/1602/777 570/1604/778
f 561/1562/775 524/1561/726 570/1569/778
f 501/1605/471 579/1606/792 562/1607/764
f 162/1494/109 580/1608/793 336/1609/485
f 572/1595/784 58/1610/104 539/1596/750
f 539/1611/750 577/1612/794 541/1613/748
f 541/1613/748 577/1612/794 572/1614/784
f 570/1615/778 524/1616/726 552/1571/755
f 552/1571/755 524/1616/726 571/1602/777
f 525/1617/746 571/1618/777 524/1561/726
f 552/1619/755 562/1620/764 578/1621/788
f 162/1494/109 583/1622/795 580/1623/793
f 162/1494/109 543/1493/756 583/1622/795
f 525/1624/746 549/1625/759 571/1626/777
f 565/1627/776 549/1625/759 525/1624/746
f 552/1578/755 549/1577/759 565/1628/776
f 552/1629/755 579/1630/792 542/1631/751
f 578/1621/788 562/1620/764 579/1632/792
f 580/1623/796 583/1622/797 582/1633/798
f 580/1608/793 583/1634/795 581/1635/799
f 539/1636/750 58/1528/104 577/1637/794
f 572/1638/784 576/1593/789 58/1639/104
f 524/1640/726 537/1641/747 525/1642/746
f 524/1640/726 509/1603/692 537/1641/747
f 552/1643/755 565/1644/776 570/1645/778
f 533/1646/745 552/1647/755 578/1648/788
f 533/1646/745 579/1649/792 552/1647/755
f 501/1650/471 575/1651/800 586/1652/801
f 581/1635/799 336/1609/485 580/1608/793
f 581/1635/799 599/1653/802 336/1609/485
f 564/1529/766 58/1528/104 576/1654/789
f 509/1603/692 570/1604/778 537/1641/747
f 363/1655/487 500/1656/691 596/1657/803
f 549/1625/759 537/1658/747 571/1626/777
f 571/1626/777 537/1658/747 565/1659/776
f 597/1660/804 501/1605/471 586/1661/801
f 543/1493/756 581/1635/799 583/1622/795
f 584/1662/805 590/1663/806 591/1664/807
f 596/1657/803 593/1665/808 363/1655/487
f 624/1666/809 363/1655/487 593/1665/808
f 565/1659/776 537/1658/747 570/1667/778
f 585/1668/810 542/1669/751 578/1648/788
f 533/1670/745 542/1669/751 585/1668/810
f 533/1670/745 585/1668/810 579/1671/792
f 585/1668/810 578/1648/788 579/1671/792
f 501/1605/471 597/1660/804 579/1606/792
f 387/1560/476 540/1559/757 185/1672/220
f 589/1673/811 594/1674/812 590/1675/813
f 590/1676/814 595/1677/815 594/1678/812
f 590/1663/816 594/1679/812 591/1664/817
f 591/1680/817 595/1677/815 590/1676/814
f 591/1664/817 594/1679/812 595/1681/815
f 592/1682/818 593/1665/819 596/1657/820
f 593/1665/808 596/1683/803 624/1666/809
f 624/1666/809 596/1683/803 500/1656/691
f 540/1684/757 578/1648/788 542/1669/751
f 579/1630/792 540/1685/757 542/1631/751
f 543/1493/756 599/1686/802 581/1635/799
f 543/1493/756 601/1687/821 599/1686/802
f 543/1493/756 336/1609/485 601/1687/821
f 575/1688/800 579/1630/792 586/1689/801
f 597/1690/804 598/1691/822 579/1692/792
f 501/1693/471 607/1694/823 575/1695/800
f 599/1686/824 601/1687/825 600/1696/826
f 599/1653/802 601/1697/821 336/1609/485
f 579/1698/792 602/1699/827 586/1700/801
f 579/1701/792 598/1702/822 603/1703/828
f 598/1691/822 605/1704/829 604/1705/830
f 598/1691/822 597/1706/804 605/1707/829
f 273/1708/190 587/1709/831 359/1710/482
f 543/1493/756 608/1711/832 336/1609/485
f 575/1688/800 540/1685/757 579/1630/792
f 602/1712/833 610/1713/834 611/1714/835
f 602/1699/827 611/1715/836 586/1700/801
f 586/1700/801 604/1716/830 597/1717/804
f 598/1702/822 604/1718/830 603/1703/828
f 605/1704/829 609/1719/837 604/1705/830
f 605/1704/838 609/1719/839 606/1720/840
f 605/1707/829 597/1706/804 609/1721/837
f 608/1711/841 613/1722/842 614/1723/843
f 608/1711/832 543/1493/756 614/1723/844
f 579/1701/792 611/1724/845 602/1712/827
f 579/1701/792 603/1703/828 611/1724/845
f 586/1700/801 611/1725/836 604/1716/830
f 609/1719/837 597/1706/804 604/1705/830
f 359/1726/482 587/1727/831 681/1728/846
f 576/1729/789 624/1666/809 500/1656/691
f 610/1713/847 540/1730/757 611/1714/836
f 610/1713/847 603/1703/828 540/1730/757
f 611/1724/845 603/1703/828 610/1713/847
f 611/1731/836 540/1730/757 604/1732/830
f 608/1733/832 614/1734/844 336/1609/485
f 614/1734/844 471/1492/556 336/1609/485
f 604/1735/830 575/1736/800 612/1737/848
f 501/1738/471 616/1739/849 607/1740/823
f 575/1741/800 604/1732/830 540/1730/757
f 603/1703/828 612/1742/848 540/1730/757
f 603/1743/828 604/1735/830 612/1737/848
f 555/1744/735 547/1745/850 273/1746/190
f 543/1493/756 471/1492/556 614/1734/844
f 577/1612/794 617/1747/851 618/1748/852
f 572/1749/784 577/1750/794 619/1751/853
f 607/1752/823 612/1753/848 575/1754/800
f 577/1612/794 623/1755/854 617/1747/851
f 618/1756/855 621/1757/856 617/1747/857
f 618/1756/858 623/1755/854 621/1758/859
f 617/1747/851 623/1755/854 618/1756/858
f 621/1757/859 577/1612/794 618/1748/852
f 621/1757/859 576/1759/789 577/1612/794
f 577/1750/794 576/1760/789 619/1751/853
f 619/1751/853 576/1760/789 622/1761/860
f 619/1751/861 620/1762/862 622/1761/863
f 572/1749/784 622/1763/860 576/1760/789
f 619/1764/853 622/1763/860 572/1749/784
f 621/1758/859 623/1765/854 576/1759/789
f 555/1766/735 363/1767/487 625/1768/864
f 363/1767/487 624/1769/809 625/1770/864
f 624/1769/809 627/1771/865 625/1770/864
f 625/1772/864 627/1771/865 555/1766/735
f 625/1772/866 627/1771/867 626/1773/868
f 555/1766/735 627/1771/865 624/1769/809
f 359/1774/482 616/1739/849 501/1738/471
f 576/1775/789 629/1776/869 624/1777/809
f 507/1778/619 467/1779/654 631/1780/870
f 507/1778/619 636/1781/871 615/1782/872
f 467/1779/654 635/1783/873 631/1780/870
f 631/1780/870 636/1781/871 507/1778/619
f 632/1784/130 634/1785/130 633/1786/130
f 273/1787/190 547/1788/850 587/1789/831
f 615/1782/872 635/1783/873 467/1779/654
f 635/1783/874 636/1781/875 631/1780/876
f 635/1783/873 615/1782/872 631/1790/877
f 631/1790/877 615/1782/872 636/1781/871
f 628/1791/878 637/1792/879 638/1793/880
f 632/1794/130 633/1795/130 634/1796/130
f 577/1797/794 639/1798/881 623/1799/854
f 641/1800/882 1145/1801/883 645/1802/884
f 643/1803/885 648/1804/886 647/1805/887
f 644/1806/888 645/1807/889 649/1808/890
f 645/1802/889 644/1806/888 650/1809/891
f 645/1802/892 651/1810/893 650/1809/894
f 645/1802/892 1145/1801/895 651/1810/893
f 645/1811/889 650/1812/891 649/1813/890
f 645/1811/884 650/1812/894 1145/1814/895
f 1145/1814/895 650/1812/894 651/1815/893
f 749/1816/896 467/1817/654 433/1818/621
f 647/1805/897 653/1819/898 644/1806/888
f 647/1820/897 648/1821/899 653/1822/898
f 648/1823/899 644/1824/888 649/1813/890
f 648/1804/899 647/1805/897 644/1806/888
f 648/1821/899 649/1813/890 653/1822/898
f 649/1813/890 650/1812/891 654/1825/900
f 650/1809/891 644/1806/888 654/1826/900
f 185/1827/220 655/1828/901 336/1829/485
f 523/1830/725 540/1831/757 503/1832/706
f 653/1822/898 649/1813/890 654/1825/900
f 185/1827/220 663/1833/902 655/1834/901
f 655/1834/903 657/1835/904 663/1833/905
f 507/1836/619 646/1837/906 447/1838/624
f 623/1839/854 639/1840/881 658/1841/907
f 644/1806/888 659/1842/908 660/1843/909
f 644/1806/888 660/1843/909 654/1826/900
f 654/1825/900 660/1844/909 653/1822/898
f 661/1845/910 588/1846/911 730/1847/912
f 336/1829/485 663/1848/902 550/1849/913
f 550/1849/913 663/1833/902 185/1827/220
f 655/1850/901 663/1848/902 336/1829/485
f 577/1797/794 58/1851/104 639/1798/881
f 640/1852/914 628/1853/878 540/1854/757
f 659/1855/908 644/1856/888 653/1822/898
f 660/1843/915 664/1857/916 659/1842/917
f 660/1844/909 659/1855/908 653/1822/898
f 540/1858/757 607/1859/823 640/1860/914
f 639/1798/881 58/1851/104 716/1861/918
f 576/1862/789 623/1863/854 669/1864/919
f 656/1865/920 624/1866/809 629/1867/869
f 630/1868/921 696/1869/922 555/1870/735
f 336/1871/485 550/1872/913 760/1873/923
f 507/1778/619 615/1782/872 662/1874/924
f 656/1865/920 667/1875/925 576/1876/789
f 658/1877/907 668/1878/926 623/1863/854
f 656/1879/920 623/1880/854 668/1881/926
f 656/1879/920 668/1881/926 639/1840/881
f 656/1882/920 673/1883/927 623/1884/854
f 576/1862/789 669/1864/919 656/1885/920
f 656/1885/920 669/1864/919 670/1886/928
f 656/1865/920 629/1867/869 667/1875/925
f 607/1887/823 359/1888/482 743/1889/929
f 662/1890/924 646/1891/906 507/1892/619
f 670/1893/928 673/1894/927 656/1895/920
f 656/1896/920 674/1897/930 624/1898/809
f 628/1899/878 638/1900/880 712/1901/931
f 638/1902/880 637/1903/879 697/1904/932
f 697/1904/932 704/1905/933 638/1902/880
f 696/1906/922 671/1907/934 555/1908/735
f 555/1908/735 680/1909/935 697/1910/932
f 671/1907/934 680/1909/935 555/1908/735
f 671/1907/936 679/1911/937 680/1909/938
f 639/1840/881 668/1881/926 673/1912/927
f 668/1913/926 669/1914/919 673/1915/927
f 673/1915/927 669/1914/919 623/1916/854
f 674/1917/930 706/1918/939 624/1919/809
f 629/1920/869 576/1876/789 676/1921/940
f 675/1922/941 688/1923/942 624/1898/809
f 624/1924/809 692/1925/943 555/1926/735
f 697/1904/932 637/1903/879 738/1927/944
f 697/1904/932 738/1927/944 666/1928/945
f 678/1929/946 694/1930/947 695/1931/948
f 696/1906/922 697/1910/932 671/1932/934
f 671/1932/934 697/1910/932 680/1909/935
f 616/1933/849 681/1728/846 607/1934/823
f 162/1935/109 730/1936/912 588/1937/911
f 658/1938/907 669/1914/919 668/1913/926
f 673/1894/927 670/1893/928 639/1939/881
f 682/1940/949 683/1941/950 624/1942/809
f 624/1942/809 685/1943/951 699/1944/952
f 683/1941/950 685/1943/951 624/1942/809
f 683/1941/953 685/1943/954 684/1945/955
f 686/1946/956 624/1919/809 699/1947/952
f 686/1946/956 702/1948/957 624/1919/809
f 687/1949/958 702/1948/959 686/1946/960
f 667/1950/925 688/1951/942 674/1952/930
f 629/1953/869 688/1951/942 667/1950/925
f 628/1899/878 712/1901/931 689/1954/961
f 629/1953/869 676/1955/940 688/1951/942
f 691/1956/962 704/1957/933 665/1958/963
f 628/1791/878 666/1959/945 637/1792/879
f 638/1902/880 704/1905/933 693/1960/964
f 694/1930/965 696/1961/922 630/1962/921
f 694/1963/965 630/1962/921 695/1964/966
f 695/1931/966 696/1961/922 694/1930/965
f 695/1964/966 630/1962/921 703/1965/967
f 695/1964/966 703/1965/967 696/1961/922
f 607/1966/823 780/1967/968 612/1737/848
f 607/1934/823 705/1968/969 359/1969/482
f 615/1782/872 467/1970/654 447/1971/624
f 639/1840/881 670/1972/928 658/1841/907
f 658/1841/907 670/1972/928 669/1973/919
f 698/1974/970 700/1975/971 682/1976/949
f 682/1940/949 699/1944/952 683/1977/950
f 682/1976/949 707/1978/972 734/1979/973
f 683/1977/950 699/1944/952 685/1980/951
f 700/1981/971 707/1978/972 682/1976/949
f 700/1981/974 701/1982/975 707/1978/976
f 700/1975/971 698/1974/970 707/1983/972
f 699/1944/952 675/1984/941 686/1985/956
f 686/1985/956 675/1984/941 702/1986/957
f 675/1984/941 624/1987/809 702/1986/957
f 576/1876/789 667/1875/925 676/1921/940
f 689/1988/961 665/1989/963 704/1990/933
f 677/1991/977 692/1992/943 624/1993/809
f 637/1994/879 693/1995/964 738/1996/944
f 607/1934/823 681/1728/846 705/1968/969
f 749/1816/896 447/1997/624 467/1817/654
f 699/1944/952 682/1940/949 675/1984/941
f 707/1978/972 698/1974/970 734/1979/973
f 675/1998/941 690/1999/978 706/2000/939
f 689/1988/961 704/1990/933 708/2001/979
f 677/2002/977 624/1924/809 711/2003/980
f 693/2004/964 691/2005/962 638/2006/880
f 677/1991/977 690/2007/978 728/2008/981
f 637/1994/879 712/2009/931 693/1995/964
f 677/2010/977 703/2011/967 692/2012/943
f 677/1991/977 704/2013/933 703/2014/967
f 703/2011/967 709/2015/982 692/2012/943
f 540/2016/757 780/2017/968 607/2018/823
f 612/1737/848 780/1967/968 740/2019/983
f 555/2020/735 697/2021/932 547/2022/850
f 359/1969/482 705/1968/969 616/2023/849
f 433/2024/621 662/2025/924 749/1816/896
f 624/2026/809 706/2027/939 682/2028/949
f 674/2029/930 656/2030/920 690/2031/978
f 675/1984/941 682/1940/949 690/2032/978
f 674/2033/930 688/2034/942 706/2035/939
f 706/2000/939 688/2036/942 675/1998/941
f 721/2037/984 711/2003/980 624/1924/809
f 710/2038/985 711/2003/986 721/2037/987
f 711/2039/980 690/2007/978 677/1991/977
f 711/2003/980 721/2040/984 690/2041/978
f 638/2006/880 691/2005/962 712/2042/931
f 691/2005/962 693/2004/964 722/2043/988
f 712/2009/931 722/2044/988 693/1995/964
f 728/2008/981 723/2045/989 677/1991/977
f 690/2046/978 704/2047/933 714/2048/990
f 690/2049/978 714/2050/990 724/2051/991
f 714/2048/992 713/2052/993 715/2053/994
f 714/2048/990 704/2047/933 715/2053/995
f 704/2047/933 725/2054/996 715/2053/995
f 637/2055/879 666/2056/945 712/2057/931
f 692/2058/943 709/2059/982 704/2060/933
f 703/1965/967 630/1962/921 709/2061/982
f 717/2062/997 682/2063/949 706/2064/939
f 706/2065/939 690/2031/978 656/2030/920
f 689/1954/961 698/2066/970 665/2067/963
f 667/2068/925 690/2069/978 676/1955/940
f 721/2040/984 624/1924/809 690/2041/978
f 690/2007/978 724/2070/991 728/2008/981
f 677/2071/977 724/2072/991 630/2073/921
f 677/2071/977 630/2073/921 704/2074/933
f 704/2047/933 724/2075/991 729/2076/998
f 715/2077/995 724/2075/991 714/2078/990
f 725/2054/999 726/2079/1000 729/2080/1001
f 725/2054/996 729/2080/998 724/2075/991
f 725/2054/996 724/2075/991 715/2077/995
f 725/2054/996 704/2047/933 729/2076/998
f 704/2081/933 630/2082/921 692/2012/943
f 666/2056/945 738/2083/944 712/2057/931
f 336/2084/485 672/2085/1002 162/2086/109
f 667/2087/925 674/2088/930 690/2089/978
f 708/2001/979 704/1990/933 734/2090/973
f 712/2091/931 691/2005/962 739/2092/1003
f 712/2091/931 739/2092/1003 722/2043/988
f 728/2093/981 737/2094/1004 555/2095/735
f 728/2093/981 555/2095/735 692/2096/943
f 692/2097/943 723/2045/989 728/2008/981
f 692/2097/943 735/2098/1005 723/2045/989
f 703/1965/967 704/2099/933 696/2100/922
f 628/2101/878 708/2102/979 698/2103/970
f 665/2104/963 698/2105/970 708/2106/979
f 690/2069/978 688/1951/942 676/1955/940
f 708/2001/979 734/2090/973 665/2107/963
f 624/2108/809 688/2109/942 728/2093/981
f 624/2110/809 735/2111/1005 690/2112/978
f 688/2109/942 736/2113/1006 728/2093/981
f 728/2114/981 735/2111/1005 624/2110/809
f 736/2113/1006 737/2115/1004 728/2093/981
f 723/2116/989 724/2072/991 677/2071/977
f 630/2117/921 735/2118/1005 692/2119/943
f 615/2120/872 447/2121/624 646/2122/906
f 628/2101/878 447/2123/624 708/2102/979
f 682/2124/949 717/2125/997 698/2126/970
f 718/2127/130 733/2128/130 719/2129/130
f 665/2130/963 734/2131/973 691/2132/962
f 691/2133/962 722/2134/988 704/2135/933
f 690/2112/978 735/2111/1005 688/2136/942
f 688/2109/942 735/2137/1005 736/2138/1006
f 736/2138/1007 737/2094/1008 732/2139/1009
f 736/2138/1006 735/2137/1005 737/2094/1004
f 724/2072/991 735/2140/1005 728/2141/981
f 735/2140/1005 724/2072/991 723/2116/989
f 630/2073/921 724/2072/991 709/2142/982
f 709/2143/982 724/2144/991 704/2145/933
f 735/2118/1005 630/2117/921 555/2146/735
f 615/2120/872 749/2147/896 662/1890/924
f 646/2122/906 749/2147/896 615/2120/872
f 698/2103/970 540/2148/757 628/2101/878
f 656/2149/920 639/2150/881 706/2027/939
f 682/1940/949 639/2151/881 690/2032/978
f 691/2152/962 738/2083/944 739/2153/1003
f 628/1791/878 743/2154/929 666/1959/945
f 735/2137/1005 555/2095/735 737/2094/1004
f 696/2155/922 704/2156/933 697/2157/932
f 698/2103/970 717/2158/997 540/2148/757
f 682/1976/949 734/1979/973 639/2159/881
f 698/2066/970 691/2132/962 734/2131/973
f 722/2134/988 738/2083/944 704/2135/933
f 704/2135/933 738/2083/944 693/2160/964
f 359/2161/482 681/2162/846 743/2163/929
f 717/2158/997 708/2164/979 540/2148/757
f 540/2148/757 708/2164/979 447/2165/624
f 712/1901/931 738/2166/944 689/1954/961
f 739/2153/1003 738/2083/944 722/2134/988
f 162/2167/109 731/2168/1010 433/2169/621
f 718/2170/130 719/2171/130 733/2172/130
f 689/1954/961 738/2166/944 691/2132/962
f 698/2066/970 689/1954/961 691/2132/962
f 652/2173/1011 157/2174/529 642/2175/1012
f 447/2176/624 628/2177/878 689/2178/961
f 706/2179/939 639/2180/881 734/2181/973
f 704/2182/933 748/2183/1013 734/2184/973
f 616/2023/849 705/1968/969 745/2185/1014
f 706/2179/939 734/2181/973 717/2186/997
f 741/2187/130 746/2188/130 742/2189/130
f 690/2190/978 744/2191/1015 704/2182/933
f 690/2190/978 734/2184/973 744/2191/1015
f 744/2191/1015 747/2192/1016 704/2182/933
f 744/2191/1017 747/2192/1018 748/2193/1019
f 748/2183/1013 747/2194/1020 734/2184/973
f 704/2182/933 747/2192/1016 748/2193/1013
f 741/2195/130 742/2196/130 746/2197/130
f 734/2184/973 747/2194/1020 744/2191/1015
f 616/1933/849 743/2198/929 681/1728/846
f 708/2199/979 717/2200/997 689/2201/961
f 690/2032/978 717/2202/997 734/2203/973
f 717/2202/997 690/2032/978 639/2151/881
f 447/2165/624 689/2204/961 717/2205/997
f 705/2206/969 681/2207/846 745/2208/1014
f 754/2209/130 755/2210/130 751/2211/130
f 652/2212/1011 756/2213/1021 750/2214/1022
f 612/2215/848 740/2216/983 540/2217/757
f 616/2218/849 745/2208/1014 743/2219/929
f 185/2220/220 540/2221/757 814/2222/1023
f 759/2223/1024 652/2224/1011 642/2225/1012
f 58/2226/104 646/2227/906 716/2228/918
f 763/2229/130 768/2230/130 762/2231/130
f 765/2232/1025 767/2233/1026 766/2234/1027
f 766/2235/1028 550/2236/913 758/2237/1029
f 767/2233/1030 550/2238/913 766/2234/1028
f 758/2237/1029 760/2239/923 766/2235/1028
f 758/2237/1029 550/2236/913 770/2240/1031
f 652/2224/1011 791/2241/1032 756/2242/1021
f 745/2208/1014 769/2243/1033 743/2219/929
f 766/2244/1028 760/2245/923 767/2246/1030
f 767/2246/1030 760/2245/923 550/2238/913
f 758/2237/1029 770/2240/1031 777/2247/1034
f 758/2248/1029 777/2249/1034 760/2245/923
f 771/2250/1035 547/2251/850 697/2252/932
f 771/2250/1035 697/2252/932 781/2253/1036
f 771/2250/1035 781/2254/1037 547/2251/850
f 772/2255/1038 773/2256/1039 770/2257/1031
f 772/2255/1038 770/2257/1031 336/2258/485
f 336/2258/485 760/2259/923 772/2260/1038
f 772/2260/1040 774/2261/1041 773/2256/1042
f 772/2260/1038 760/2259/923 773/2262/1043
f 773/2256/1039 783/2263/1044 770/2257/1031
f 774/2261/1041 783/2263/1045 773/2256/1042
f 775/2264/1046 777/2247/1047 776/2265/1048
f 776/2265/1048 784/2266/1049 775/2264/1046
f 776/2265/1050 770/2240/1031 784/2266/1051
f 777/2247/1034 770/2240/1031 776/2265/1050
f 787/2267/1052 780/2268/968 540/2269/757
f 781/2253/1053 788/2270/1054 771/2250/1055
f 781/2253/1036 697/2252/932 788/2270/1056
f 769/2243/1033 745/2208/1014 782/2271/1057
f 789/2272/1058 745/2208/1014 790/2273/1059
f 782/2271/1057 745/2208/1014 789/2272/1058
f 782/2271/1057 789/2274/1060 769/2243/1033
f 782/2271/1061 790/2273/1062 789/2274/1063
f 770/2257/1031 829/2275/1064 336/2258/485
f 773/2262/1043 760/2259/923 783/2263/1044
f 783/2263/1044 760/2259/923 770/2257/1031
f 784/2266/1051 770/2240/1031 760/2276/923
f 784/2277/1051 760/2245/923 776/2278/1065
f 776/2278/1065 760/2245/923 777/2249/1034
f 662/2279/924 433/2280/621 646/2281/906
f 785/2282/1066 797/2283/1067 750/2284/1022
f 750/2284/1022 786/2285/1068 785/2282/1066
f 750/2284/1022 756/2286/1021 786/2285/1068
f 759/2287/1024 791/2288/1032 785/2289/1069
f 785/2290/1069 652/2224/1011 759/2291/1024
f 786/2292/1070 652/2224/1011 785/2290/1069
f 652/2224/1011 786/2293/1070 791/2241/1032
f 780/2294/968 787/2295/1052 816/2296/1071
f 743/2297/929 792/2298/1072 607/2299/823
f 666/2300/945 870/2301/1073 697/2302/932
f 764/2303/1074 788/2270/1056 697/2252/932
f 764/2303/1074 547/2251/850 788/2270/1056
f 788/2270/1056 547/2251/850 781/2254/1037
f 769/2243/1033 789/2274/1060 790/2273/1059
f 790/2273/1059 752/2304/1075 769/2243/1033
f 745/2208/1014 752/2304/1075 790/2273/1059
f 749/2305/896 646/2227/906 58/2226/104
f 563/2306/760 761/2307/1076 387/2308/476
f 652/2309/1011 796/2310/1077 157/2311/529
f 754/2312/130 751/2313/130 755/2314/130
f 717/2315/997 639/2316/881 447/2317/624
f 785/2318/1069 791/2241/1032 786/2293/1070
f 786/2319/1068 797/2283/1067 785/2320/1066
f 786/2319/1068 756/2286/1021 797/2283/1067
f 838/2321/1078 757/2322/1079 815/2323/1080
f 763/2324/130 762/2325/130 768/2326/130
f 540/2327/757 798/2328/1081 787/2329/1052
f 540/2269/757 799/2330/1082 798/2331/1081
f 743/2332/929 900/2333/1083 666/2334/945
f 752/2335/1075 743/2336/929 769/2337/1033
f 336/2258/485 1146/2338/1084 793/2339/1085
f 793/2340/1085 672/2341/1002 336/2258/485
f 793/2340/1085 1146/2342/1086 672/2341/1002
f 793/2339/1087 1146/2338/1088 812/2343/1089
f 761/2344/1076 157/2345/529 387/2346/476
f 639/2347/881 716/2348/918 447/2349/624
f 642/2350/1012 838/2351/1078 759/2352/1024
f 640/2353/914 607/2354/823 787/2355/1052
f 798/2356/1081 799/2357/1082 780/2268/968
f 607/2354/823 800/2358/1090 787/2355/1052
f 787/2359/1052 800/2360/1090 817/2361/1091
f 787/2359/1052 817/2361/1091 801/2362/1092
f 816/2363/1071 787/2295/1052 804/2364/1093
f 801/2365/1092 802/2366/1094 803/2367/1095
f 801/2365/1092 803/2367/1095 787/2295/1052
f 801/2362/1096 817/2361/1097 818/2368/1098
f 801/2365/1092 818/2369/1099 802/2366/1094
f 787/2295/1052 803/2367/1095 804/2364/1093
f 802/2366/1094 806/2370/1100 803/2367/1095
f 802/2366/1101 818/2369/1102 820/2371/1103
f 802/2366/1094 820/2371/1104 806/2370/1100
f 804/2364/1093 803/2367/1095 805/2372/1105
f 805/2372/1105 803/2367/1095 807/2373/1106
f 805/2374/1107 804/2375/1108 819/2376/1109
f 807/2377/1110 808/2378/1111 821/2379/1112
f 807/2377/1106 803/2380/1095 821/2379/1113
f 821/2379/1113 803/2380/1095 809/2381/1114
f 809/2382/1114 803/2367/1095 822/2383/1115
f 809/2384/1114 822/2385/1115 810/2386/1116
f 810/2386/1117 823/2387/1118 822/2385/1119
f 587/2388/831 811/2389/1120 752/2335/1075
f 745/2208/1014 681/2207/846 587/2390/831
f 829/2275/1064 794/2391/1121 1146/2338/1084
f 829/2275/1064 1146/2338/1084 336/2258/485
f 812/2343/1122 813/2392/1123 1146/2342/1086
f 812/2343/1122 1146/2338/1084 794/2391/1121
f 794/2391/1121 813/2392/1123 812/2343/1122
f 185/2393/220 814/2394/1023 550/2395/913
f 779/2396/1124 795/2397/1125 778/2398/1126
f 756/2286/1021 791/2399/1032 797/2283/1067
f 787/2355/1052 798/2400/1081 640/2353/914
f 780/2401/968 816/2402/1071 798/2403/1081
f 817/2361/1091 800/2360/1090 816/2402/1071
f 816/2402/1071 801/2404/1127 817/2361/1091
f 818/2368/1128 816/2402/1071 802/2405/1129
f 801/2404/1127 816/2402/1071 818/2368/1128
f 804/2406/1093 805/2407/1105 816/2402/1071
f 805/2407/1105 807/2408/1106 816/2402/1071
f 807/2408/1106 821/2409/1113 816/2402/1071
f 816/2402/1071 821/2409/1113 809/2381/1114
f 822/2385/1119 823/2387/1118 824/2410/1130
f 822/2383/1115 803/2367/1095 824/2411/1131
f 824/2411/1131 803/2367/1095 799/2412/1082
f 587/2388/831 743/2336/929 832/2413/1132
f 587/2388/831 832/2413/1132 833/2414/1133
f 587/2388/831 833/2414/1133 811/2389/1120
f 829/2415/1134 672/2341/1002 813/2392/1123
f 813/2392/1123 672/2341/1002 1146/2342/1086
f 794/2391/1121 958/2416/1135 813/2392/1123
f 770/2417/1031 550/2418/913 814/2419/1023
f 759/2420/1024 827/2421/1136 826/2422/1137
f 759/2420/1024 826/2423/1137 837/2424/1138
f 826/2425/1139 642/2426/1012 157/2427/529
f 827/2428/1140 642/2426/1012 826/2425/1139
f 759/2420/1024 838/2429/1078 827/2421/1136
f 642/2430/1012 827/2431/1140 830/2432/1141
f 816/2433/1071 640/2353/914 798/2400/1081
f 816/2433/1071 800/2358/1090 640/2353/914
f 802/2405/1129 816/2402/1071 820/2434/1104
f 820/2434/1104 816/2402/1071 806/2435/1100
f 809/2384/1114 810/2436/1116 816/2437/1071
f 810/2436/1116 822/2438/1142 816/2437/1071
f 792/2298/1072 800/2439/1090 607/2299/823
f 816/2437/1071 822/2438/1142 824/2440/1131
f 824/2440/1131 799/2441/1082 816/2437/1071
f 799/2412/1082 803/2367/1095 780/2442/968
f 780/2443/968 831/2444/1143 828/2445/1144
f 958/2416/1135 829/2415/1134 813/2392/1123
f 778/2446/1126 795/2447/1125 779/2448/1124
f 797/2449/1067 791/2288/1032 836/2450/1145
f 838/2451/1078 837/2424/1138 827/2452/1136
f 157/2427/529 830/2432/1141 826/2453/1139
f 826/2453/1139 830/2432/1141 827/2431/1140
f 827/2452/1136 837/2424/1138 826/2423/1137
f 816/2437/1071 839/2454/1146 806/2455/1100
f 806/2370/1100 839/2456/1146 803/2367/1095
f 803/2367/1095 831/2457/1143 780/2442/968
f 828/2445/1144 831/2444/1143 842/2458/1147
f 780/2443/968 828/2445/1144 740/2459/983
f 743/2336/929 587/2388/831 697/2460/932
f 832/2413/1132 743/2336/929 843/2461/1148
f 832/2413/1149 843/2461/1150 833/2414/1151
f 833/2414/1133 832/2462/1152 811/2389/1120
f 829/2463/1064 834/2464/1153 794/2465/1121
f 829/2463/1064 1147/2466/1154 834/2464/1153
f 834/2464/1155 1147/2466/1156 844/2467/1157
f 834/2464/1153 1147/2468/1158 794/2465/1121
f 652/2469/1011 797/2470/1067 796/2471/1077
f 652/2472/1011 850/2473/1159 797/2474/1067
f 797/2475/1067 759/2476/1024 796/2477/1077
f 797/2449/1067 836/2450/1145 759/2478/1024
f 642/2430/1012 830/2432/1141 838/2479/1078
f 803/2367/1095 839/2456/1146 841/2480/1160
f 799/2441/1082 540/2481/757 740/2482/983
f 799/2441/1082 740/2482/983 831/2483/1143
f 547/2251/850 764/2303/1074 587/2484/831
f 832/2462/1152 752/2335/1075 811/2389/1120
f 843/2461/1148 752/2335/1075 832/2462/1152
f 843/2461/1148 743/2336/929 752/2335/1075
f 745/2485/1014 587/2486/831 752/2487/1075
f 829/2415/1134 958/2416/1135 672/2341/1002
f 770/2488/1031 1147/2466/1154 829/2463/1064
f 844/2467/1161 770/2488/1031 814/2489/1023
f 844/2467/1161 814/2489/1023 1147/2468/1158
f 844/2467/1161 1147/2466/1154 770/2488/1031
f 825/2490/130 835/2491/130 845/2492/130
f 157/2311/529 796/2310/1077 850/2493/1159
f 759/2494/1024 847/2495/1162 791/2496/1032
f 839/2454/1146 816/2437/1071 799/2441/1082
f 831/2457/1143 803/2367/1095 849/2497/1163
f 794/2465/1121 814/2489/1023 958/2498/1135
f 794/2465/1121 1147/2468/1158 814/2489/1023
f 825/2490/130 845/2499/130 835/2491/130
f 652/2472/1011 750/2500/1022 850/2473/1159
f 157/2427/529 871/2501/1164 837/2502/1138
f 840/2503/1165 848/2504/1166 743/2505/929
f 792/2298/1072 743/2297/929 640/2506/914
f 803/2367/1095 841/2480/1160 854/2507/1167
f 803/2367/1095 854/2507/1167 849/2497/1163
f 842/2458/1147 849/2508/1163 828/2445/1144
f 587/2484/831 764/2303/1074 855/2509/1168
f 850/2510/1159 851/2511/1169 797/2512/1067
f 851/2511/1169 858/2513/1170 859/2514/1171
f 851/2511/1169 859/2514/1171 797/2512/1067
f 796/2515/1077 759/2516/1024 857/2517/1172
f 797/2512/1067 859/2514/1171 860/2518/1173
f 797/2512/1067 860/2518/1173 750/2519/1022
f 759/2520/1024 865/2521/1174 847/2522/1162
f 759/2520/1024 836/2523/1145 865/2521/1174
f 838/2451/1078 861/2524/1175 837/2424/1138
f 838/2525/1078 830/2526/1141 757/2527/1079
f 628/2528/878 840/2529/1165 743/2530/929
f 852/2531/1176 841/2532/1160 853/2533/1177
f 852/2531/1176 862/2534/1178 841/2532/1160
f 852/2535/1179 853/2536/1180 862/2537/1181
f 853/2533/1177 841/2532/1160 839/2538/1146
f 792/2539/1072 841/2532/1160 862/2534/1178
f 792/2539/1072 862/2534/1178 800/2540/1090
f 743/2297/929 848/2541/1166 640/2506/914
f 831/2483/1143 841/2542/1160 799/2441/1082
f 831/2483/1143 849/2543/1163 841/2542/1160
f 831/2444/1143 740/2544/983 842/2458/1147
f 849/2545/1163 842/2546/1147 740/2459/983
f 846/2547/1182 740/2459/983 828/2445/1144
f 849/2497/1163 846/2548/1182 828/2549/1144
f 764/2303/1074 856/2550/1183 855/2509/1168
f 764/2303/1074 697/2252/932 856/2550/1183
f 855/2509/1168 856/2551/1184 587/2484/831
f 856/2550/1183 697/2252/932 863/2552/1185
f 856/2550/1186 863/2552/1187 855/2509/1188
f 796/2471/1077 851/2511/1169 850/2510/1159
f 796/2553/1077 864/2554/1189 851/2555/1169
f 859/2514/1190 858/2556/1191 860/2518/1192
f 860/2518/1173 859/2557/1193 750/2519/1022
f 847/2522/1162 865/2521/1174 857/2558/1172
f 837/2559/1138 857/2517/1172 759/2516/1024
f 757/2527/1079 861/2560/1175 815/2561/1080
f 628/2562/878 640/2563/914 868/2564/1194
f 839/2454/1146 852/2565/1195 853/2536/1177
f 839/2454/1146 880/2566/1196 852/2565/1195
f 839/2454/1146 799/2441/1082 880/2566/1196
f 666/2334/945 919/2567/1197 870/2568/1073
f 743/2332/929 870/2569/1073 900/2333/1083
f 740/2459/983 841/2570/1160 849/2545/1163
f 854/2507/1167 846/2548/1182 849/2497/1163
f 863/2552/1185 587/2484/831 856/2551/1184
f 863/2552/1185 697/2252/932 587/2484/831
f 447/2571/624 716/2572/918 949/2573/1198
f 864/2554/1189 865/2574/1174 851/2555/1169
f 796/2575/1077 865/2574/1174 896/2576/1199
f 796/2515/1077 857/2517/1172 865/2577/1174
f 865/2574/1174 836/2578/1145 851/2555/1169
f 750/2579/1022 858/2580/1170 851/2581/1169
f 750/2579/1022 864/2554/1189 850/2582/1159
f 750/2579/1022 872/2583/1200 864/2554/1189
f 750/2579/1022 851/2581/1169 872/2583/1200
f 750/2519/1022 859/2557/1193 858/2584/1170
f 857/2558/1172 866/2585/1201 847/2522/1162
f 837/2559/1138 871/2586/1164 857/2517/1172
f 815/2561/1080 875/2587/1202 867/2588/1203
f 815/2561/1080 867/2588/1203 838/2451/1078
f 838/2451/1078 867/2588/1203 861/2524/1175
f 837/2589/1138 861/2590/1175 889/2591/1204
f 867/2588/1203 876/2592/1205 873/2593/1206
f 867/2588/1203 873/2593/1206 861/2524/1175
f 837/2594/1138 830/2595/1141 157/2596/529
f 861/2560/1175 757/2527/1079 830/2526/1141
f 800/2597/1090 880/2598/1196 640/2599/914
f 862/2600/1178 880/2566/1196 800/2601/1090
f 852/2565/1195 880/2566/1196 862/2600/1178
f 792/2539/1072 869/2602/1207 841/2532/1160
f 697/2302/932 870/2301/1073 743/2603/929
f 796/2604/1077 896/2605/1199 864/2606/1189
f 865/2574/1174 872/2583/1200 896/2576/1199
f 864/2554/1189 872/2583/1200 865/2574/1174
f 872/2583/1200 851/2581/1169 836/2578/1145
f 836/2607/1145 857/2608/1172 896/2605/1199
f 847/2609/1162 866/2610/1201 885/2611/1208
f 866/2612/1201 857/2613/1172 791/2614/1032
f 836/2523/1145 791/2496/1032 857/2615/1172
f 847/2609/1162 874/2616/1209 791/2614/1032
f 640/2563/914 891/2617/1210 868/2564/1194
f 792/2539/1072 848/2618/1166 869/2602/1207
f 799/2441/1082 841/2542/1160 880/2566/1196
f 869/2602/1207 880/2619/1196 841/2532/1160
f 880/2619/1196 869/2602/1207 854/2620/1167
f 841/2570/1160 740/2459/983 854/2621/1167
f 162/2622/109 672/2623/1002 661/2624/910
f 433/2625/621 753/2626/1211 646/2627/906
f 896/2576/1199 872/2583/1200 836/2578/1145
f 896/2628/1199 874/2616/1209 847/2609/1162
f 847/2609/1162 883/2629/1212 896/2628/1199
f 847/2609/1162 897/2630/1213 883/2629/1212
f 847/2609/1162 885/2631/1208 897/2630/1213
f 875/2632/1202 1148/2633/1214 886/2634/1215
f 815/2561/1080 861/2560/1175 873/2635/1206
f 867/2636/1203 875/2637/1202 890/2638/1216
f 867/2636/1203 890/2638/1216 876/2639/1205
f 876/2639/1217 890/2638/1218 873/2635/1219
f 873/2635/1206 876/2640/1220 815/2561/1080
f 837/2594/1138 563/2641/760 830/2595/1141
f 891/2617/1210 840/2642/1165 628/2643/878
f 640/2644/914 840/2645/1165 891/2646/1210
f 878/2647/1221 877/2648/1222 879/2649/1223
f 879/2649/1223 877/2648/1222 893/2650/1224
f 640/2599/914 880/2598/1196 792/2651/1072
f 880/2598/1196 848/2652/1166 792/2651/1072
f 881/2653/1225 869/2602/1207 848/2618/1166
f 880/2619/1196 854/2620/1167 882/2654/1226
f 854/2621/1167 740/2459/983 882/2655/1226
f 883/2629/1227 897/2630/1228 884/2656/1229
f 885/2631/1230 898/2657/1231 897/2630/1232
f 857/2517/1172 871/2586/1164 887/2658/1233
f 887/2659/1233 874/2660/1209 875/2632/1202
f 887/2659/1233 875/2632/1202 886/2634/1215
f 874/2616/1209 903/2661/1234 866/2612/1201
f 866/2612/1201 791/2614/1032 874/2616/1209
f 815/2662/1080 899/2663/1235 1148/2633/1214
f 815/2662/1080 888/2664/1236 899/2663/1235
f 815/2662/1080 1148/2633/1214 875/2632/1202
f 888/2665/1236 876/2640/1220 875/2637/1202
f 815/2561/1080 876/2640/1220 888/2665/1236
f 876/2640/1220 890/2638/1216 875/2637/1202
f 837/2589/1138 889/2591/1204 563/2666/760
f 861/2590/1175 830/2595/1141 889/2591/1204
f 891/2617/1210 900/2667/1083 868/2564/1194
f 868/2668/1194 892/2669/1237 628/2670/878
f 877/2648/1222 878/2647/1221 892/2669/1237
f 878/2647/1221 893/2671/1238 892/2669/1237
f 879/2649/1223 894/2672/1239 878/2647/1221
f 877/2648/1222 895/2673/1240 893/2650/1224
f 877/2648/1222 892/2669/1237 895/2673/1240
f 893/2650/1224 894/2674/1239 879/2649/1223
f 893/2650/1224 895/2673/1240 894/2674/1241
f 894/2672/1239 893/2671/1238 878/2647/1221
f 894/2672/1241 908/2675/1242 893/2671/1238
f 894/2674/1241 895/2673/1240 908/2675/1242
f 840/2676/1165 895/2677/1240 848/2678/1166
f 895/2677/1240 902/2679/1243 848/2678/1166
f 848/2618/1166 902/2680/1243 881/2653/1225
f 854/2620/1167 869/2602/1207 846/2681/1182
f 740/2459/983 846/2547/1182 882/2655/1226
f 761/2682/1076 993/2683/1244 157/2684/529
f 896/2685/1199 857/2517/1172 887/2658/1233
f 896/2686/1199 897/2687/1245 903/2661/1234
f 883/2688/1212 897/2689/1245 896/2628/1199
f 897/2687/1245 885/2690/1208 903/2661/1234
f 896/2691/1199 888/2692/1236 874/2660/1209
f 885/2690/1208 866/2612/1201 903/2661/1234
f 874/2660/1209 888/2692/1236 875/2632/1202
f 886/2693/1246 899/2694/1247 1148/2695/1248
f 886/2693/1215 888/2692/1236 887/2696/1233
f 1148/2695/1249 888/2692/1236 886/2693/1215
f 899/2694/1235 888/2692/1236 1148/2695/1249
f 889/2591/1204 887/2697/1233 871/2698/1164
f 868/2564/1194 900/2667/1083 904/2699/1250
f 868/2564/1194 904/2699/1250 905/2700/1251
f 868/2564/1194 905/2700/1251 901/2701/1252
f 900/2702/1083 907/2703/1253 904/2704/1250
f 901/2701/1252 906/2705/1254 868/2564/1194
f 892/2669/1237 893/2671/1238 908/2675/1242
f 868/2706/1194 909/2707/1255 892/2708/1237
f 162/2709/109 957/2710/1256 730/2711/912
f 447/2712/624 949/2713/1198 58/2714/104
f 864/2715/1189 915/2716/1257 850/2717/1159
f 874/2718/1209 887/2696/1233 903/2719/1234
f 887/2696/1233 888/2692/1236 896/2691/1199
f 889/2591/1204 830/2595/1141 887/2697/1233
f 871/2698/1164 563/2666/760 889/2591/1204
f 628/2643/878 904/2720/1250 891/2617/1210
f 905/2700/1258 906/2705/1259 901/2701/1260
f 905/2721/1251 904/2720/1250 901/2722/1261
f 901/2723/1261 904/2724/1250 906/2725/1254
f 904/2724/1250 910/2726/1262 906/2725/1254
f 906/2705/1254 910/2727/1262 868/2564/1194
f 904/2724/1250 628/2728/878 910/2726/1262
f 910/2726/1262 911/2729/1263 868/2706/1194
f 868/2706/1194 911/2729/1263 909/2707/1255
f 892/2669/1237 908/2675/1242 628/2670/878
f 909/2707/1255 912/2730/1264 892/2708/1237
f 909/2707/1265 920/2731/1266 912/2730/1267
f 840/2732/1165 881/2653/1225 895/2733/1240
f 640/2599/914 882/2734/1226 840/2735/1165
f 848/2652/1166 882/2736/1226 640/2737/914
f 848/2652/1166 880/2598/1196 882/2736/1226
f 882/2738/1226 846/2681/1182 869/2602/1207
f 864/2715/1189 896/2739/1199 915/2716/1257
f 830/2595/1141 563/2740/760 887/2697/1233
f 891/2617/1210 919/2741/1197 900/2667/1083
f 904/2720/1250 907/2742/1253 891/2617/1210
f 628/2728/878 946/2743/1268 909/2744/1269
f 628/2728/878 909/2744/1269 910/2726/1262
f 911/2729/1270 920/2731/1266 909/2707/1265
f 628/2728/878 908/2745/1242 946/2743/1268
f 912/2730/1264 913/2746/1271 892/2708/1237
f 908/2747/1242 895/2748/1240 946/2749/1268
f 892/2669/1237 913/2750/1271 895/2673/1240
f 913/2751/1271 914/2752/1272 895/2753/1240
f 895/2677/1240 914/2754/1272 902/2679/1243
f 840/2732/1165 882/2755/1226 881/2653/1225
f 157/2756/529 540/2757/757 871/2758/1164
f 917/2759/1273 916/2760/1274 918/2761/1275
f 917/2759/1276 887/2762/1233 918/2761/1277
f 917/2759/1276 915/2763/1257 903/2764/1234
f 903/2764/1234 887/2762/1233 917/2759/1276
f 910/2726/1262 909/2744/1269 911/2729/1263
f 909/2744/1269 946/2743/1268 912/2765/1264
f 912/2765/1264 946/2743/1268 913/2746/1271
f 666/2334/945 900/2333/1083 919/2567/1197
f 913/2766/1271 931/2767/1278 914/2768/1272
f 902/2679/1243 933/2769/1279 932/2770/1280
f 902/2679/1243 932/2770/1280 881/2771/1225
f 881/2772/1225 938/2773/1281 869/2774/1207
f 162/1935/109 940/2775/1282 921/2776/1283
f 921/2776/1283 939/2777/1284 162/1935/109
f 921/2776/1285 940/2775/1286 939/2777/1287
f 923/2778/1288 927/2779/1289 928/2780/1290
f 924/2781/1291 923/2778/1288 928/2780/1290
f 924/2781/1292 928/2780/1293 929/2782/1294
f 925/2783/1295 924/2781/1292 929/2782/1294
f 925/2784/1296 926/2785/1297 929/2786/1298
f 928/2787/1299 927/2788/1300 930/2789/1301
f 917/2790/1276 918/2791/1277 915/2763/1257
f 915/2763/1257 918/2791/1277 887/2762/1233
f 887/2762/1233 850/2792/1159 915/2763/1257
f 887/2793/1233 563/2794/760 850/2795/1159
f 891/2617/1210 907/2742/1253 919/2741/1197
f 907/2703/1253 900/2702/1083 913/2751/1271
f 881/2796/1225 946/2797/1268 895/2798/1240
f 881/2796/1225 933/2799/1302 946/2797/1268
f 914/2754/1272 936/2800/1303 946/2801/1268
f 932/2802/1280 933/2799/1302 881/2796/1225
f 933/2769/1279 902/2679/1243 934/2803/1304
f 933/2769/1305 932/2770/1306 934/2803/1307
f 902/2679/1243 948/2804/1308 934/2803/1304
f 902/2679/1243 946/2805/1268 948/2806/1308
f 934/2803/1309 948/2804/1310 935/2807/1311
f 948/2808/1312 936/2809/1303 935/2810/1313
f 935/2810/1313 936/2809/1303 937/2811/1314
f 881/2812/1225 882/2813/1226 956/2814/1315
f 956/2815/1315 937/2816/1314 881/2772/1225
f 939/2777/1284 921/2817/1316 957/2818/1256
f 939/2777/1284 957/2818/1256 162/1935/109
f 162/1935/109 661/2819/910 940/2775/1282
f 940/2775/1282 661/2819/910 921/2817/1316
f 921/2817/1316 661/2819/910 957/2818/1256
f 942/2820/1317 944/2821/1318 941/2822/1319
f 943/2823/1320 944/2821/1321 942/2820/1322
f 903/2824/1234 952/2825/1323 941/2822/1319
f 903/2824/1234 1149/2826/1324 952/2825/1323
f 944/2821/1318 896/2827/1199 941/2822/1319
f 896/2827/1199 903/2824/1234 941/2822/1319
f 923/2828/1288 924/2829/1291 927/2830/1289
f 924/2829/1291 928/2831/1325 927/2830/1289
f 924/2829/1292 925/2832/1295 928/2831/1293
f 925/2832/1295 929/2833/1294 928/2831/1293
f 913/2751/1271 946/2749/1268 907/2703/1253
f 900/2702/1083 947/2834/1326 913/2751/1271
f 900/2702/1083 870/2835/1073 947/2834/1326
f 947/2834/1326 931/2836/1278 913/2751/1271
f 933/2799/1302 934/2837/1327 946/2797/1268
f 946/2838/1268 936/2839/1303 931/2767/1278
f 946/2797/1268 902/2840/1243 914/2841/1272
f 934/2842/1327 948/2843/1308 946/2844/1268
f 948/2843/1312 956/2814/1315 936/2809/1303
f 935/2845/1313 956/2814/1315 948/2843/1312
f 937/2811/1314 956/2814/1315 935/2845/1313
f 936/2809/1303 938/2846/1281 937/2811/1314
f 937/2816/1314 938/2773/1281 881/2772/1225
f 661/2624/910 672/2623/1002 588/2847/911
f 950/2848/1328 903/2849/1234 951/2850/1329
f 915/2851/1257 952/2825/1330 950/2852/1328
f 942/2853/1317 941/2822/1319 915/2851/1257
f 942/2853/1317 915/2851/1257 944/2854/1318
f 951/2855/1329 903/2856/1234 954/2857/1331
f 951/2850/1329 954/2858/1331 961/2859/1332
f 950/2848/1328 1149/2860/1324 903/2849/1234
f 952/2861/1330 1149/2860/1324 950/2848/1328
f 952/2825/1323 1149/2862/1333 941/2822/1319
f 944/2854/1318 915/2851/1257 896/2827/1199
f 954/2857/1334 955/2863/1335 953/2864/1336
f 954/2857/1331 903/2856/1234 955/2863/1337
f 941/2822/1319 1149/2862/1333 915/2851/1257
f 946/2749/1268 931/2865/1278 907/2703/1253
f 914/2754/1272 970/2866/1338 936/2800/1303
f 938/2773/1281 975/2867/1339 869/2774/1207
f 58/2868/104 949/2869/1198 749/2870/896
f 951/2850/1329 961/2859/1332 960/2871/1340
f 960/2871/1341 962/2872/1342 959/2873/1343
f 960/2871/1340 961/2859/1332 962/2872/1344
f 961/2859/1332 915/2874/1257 962/2872/1344
f 915/2851/1257 1149/2862/1333 952/2825/1330
f 954/2875/1331 955/2876/1337 915/2877/1257
f 954/2858/1331 915/2874/1257 961/2859/1332
f 915/2878/1257 955/2879/1337 903/2856/1234
f 540/2880/757 761/2881/1076 965/2882/1345
f 965/2882/1345 966/2883/1346 540/2880/757
f 965/2882/1347 1150/2884/1348 966/2883/1349
f 907/2703/1253 931/2865/1278 919/2885/1197
f 914/2754/1272 931/2886/1278 968/2887/1350
f 931/2886/1278 975/2888/1339 968/2887/1350
f 967/2889/1351 974/2890/1352 968/2891/1353
f 968/2891/1350 969/2892/1354 970/2866/1338
f 968/2891/1350 970/2866/1338 914/2754/1272
f 936/2839/1303 975/2893/1339 931/2767/1278
f 974/2890/1355 969/2892/1354 968/2891/1350
f 974/2890/1356 976/2894/1357 969/2892/1358
f 970/2866/1338 969/2895/1354 977/2896/1359
f 882/2813/1226 869/2774/1207 956/2814/1315
f 936/2800/1303 970/2866/1338 938/2897/1281
f 956/2814/1315 869/2774/1207 936/2809/1303
f 938/2898/1281 970/2899/1338 947/2900/1326
f 972/2901/1360 973/2902/1361 971/2903/1362
f 972/2901/1363 915/2874/1257 973/2902/1364
f 951/2850/1329 915/2874/1257 972/2901/1363
f 915/2851/1257 950/2852/1328 973/2904/1364
f 951/2850/1329 960/2905/1340 915/2874/1257
f 960/2905/1340 962/2906/1344 915/2874/1257
f 980/2907/1365 761/2908/1076 540/2909/757
f 761/2881/1076 945/2910/1366 965/2911/1345
f 965/2911/1345 945/2910/1366 966/2912/1346
f 945/2913/1366 540/2914/757 966/2915/1346
f 919/2885/1197 931/2865/1278 947/2916/1326
f 968/2887/1350 975/2888/1339 974/2917/1367
f 974/2917/1367 977/2918/1359 969/2919/1368
f 974/2917/1367 970/2866/1338 977/2918/1359
f 975/2888/1339 970/2866/1338 974/2917/1367
f 969/2895/1369 982/2920/1370 977/2896/1371
f 947/2900/1326 970/2899/1338 919/2921/1197
f 936/2839/1303 869/2922/1207 975/2893/1339
f 972/2923/1363 973/2924/1364 951/2925/1329
f 951/2925/1329 973/2924/1364 950/2852/1328
f 540/2926/757 984/2927/1372 980/2907/1365
f 563/2928/760 981/2929/1373 761/2930/1076
f 981/2929/1373 945/2931/1366 761/2930/1076
f 947/2900/1326 975/2932/1339 938/2898/1281
f 922/2933/1374 983/2934/1375 672/2935/1002
f 980/2907/1365 563/2936/760 986/2937/1376
f 563/2936/760 984/2927/1372 986/2937/1376
f 980/2938/1365 984/2939/1372 981/2929/1373
f 980/2938/1365 981/2929/1373 563/2928/760
f 981/2929/1373 984/2939/1372 945/2940/1366
f 945/2913/1366 984/2941/1372 563/2942/760
f 970/2943/1338 975/2932/1339 919/2944/1197
f 947/2900/1326 870/2945/1073 975/2932/1339
f 540/2926/757 986/2937/1376 984/2927/1372
f 919/2944/1197 975/2932/1339 870/2945/1073
f 672/2935/1002 983/2934/1375 985/2946/1377
f 157/2947/529 850/2948/1159 563/2949/760
f 922/2950/1374 992/2951/1378 995/2952/1379
f 958/2953/1135 987/2954/1380 922/2950/1374
f 958/2953/1135 995/2952/1379 987/2954/1380
f 987/2955/1380 992/2951/1378 922/2950/1374
f 987/2955/1381 992/2951/1382 988/2956/1383
f 987/2954/1380 995/2952/1379 992/2957/1378
f 871/2958/1164 540/2959/757 945/2960/1366
f 996/2961/1384 986/2937/1376 540/2926/757
f 983/2934/1375 990/2962/1385 985/2946/1377
f 990/2963/1386 991/2964/1387 989/2965/1388
f 990/2963/1385 983/2934/1375 991/2964/1389
f 983/2934/1375 922/2933/1374 991/2964/1389
f 980/2907/1365 997/2966/1390 996/2961/1384
f 980/2907/1365 998/2967/1391 997/2966/1390
f 980/2907/1365 999/2968/1392 998/2967/1391
f 986/2937/1376 999/2968/1392 980/2907/1365
f 986/2937/1376 996/2961/1384 998/2969/1393
f 986/2937/1376 998/2969/1393 999/2968/1392
f 563/2794/760 871/2970/1164 945/2971/1366
f 990/2962/1385 991/2972/1389 922/2933/1374
f 922/2933/1374 985/2946/1377 990/2962/1385
f 716/2973/918 646/2974/906 949/2975/1198
f 157/2976/529 993/2977/1244 540/2978/757
f 980/2979/1365 996/2980/1384 761/2981/1076
f 997/2966/1390 998/2969/1393 996/2961/1384
f 997/2966/1394 998/2969/1395 999/2968/1396
f 661/2982/910 1001/2983/1397 957/2984/1256
f 646/2985/906 753/2986/1211 922/2987/1374
f 994/2988/1398 753/2989/1211 433/2990/621
f 661/2982/910 730/2991/912 1001/2992/1397
f 1001/2983/1397 1003/2993/1399 957/2984/1256
f 1000/2994/1400 1003/2995/1401 1001/2992/1402
f 1001/2992/1397 730/2991/912 1003/2995/1399
f 958/2996/1135 814/2997/1023 995/2998/1379
f 814/2999/1023 922/3000/1374 995/3001/1379
f 1003/2993/1399 730/2991/912 957/2984/1256
f 1002/3002/1403 646/3003/906 540/3004/757
f 922/3005/1374 672/3006/1002 958/3007/1135
f 162/3008/109 588/3009/911 731/3010/1010
f 761/3011/1076 1006/3012/1404 993/3013/1244
f 672/3014/1002 994/3015/1398 433/3016/621
f 1005/3017/1405 761/3018/1076 1004/3019/1406
f 433/3020/621 588/3021/911 672/3022/1002
f 814/3023/1023 646/3024/906 922/3025/1374
f 588/3021/911 433/3020/621 1007/3026/1407
f 540/3027/757 1008/3028/1408 1002/3002/1403
f 1006/3029/1404 761/3018/1076 1005/3017/1405
f 994/3015/1398 731/3030/1010 753/3031/1211
f 731/3032/1010 1007/3033/1407 433/3020/621
f 672/3014/1002 1007/3034/1409 994/3015/1398
f 761/3018/1076 996/3035/1384 1021/3036/1410
f 1007/3033/1407 731/3032/1010 1012/3037/1411
f 1007/3026/1412 1012/3038/1413 1013/3039/1414
f 1007/3026/1407 1013/3039/1415 588/3021/911
f 588/3021/911 1013/3039/1415 731/3032/1010
f 1007/3034/1409 1012/3040/1411 994/3015/1398
f 672/3014/1002 1013/3041/1415 1007/3034/1409
f 672/3014/1002 731/3042/1010 1013/3041/1415
f 1005/3043/1405 1014/3044/1416 1009/3045/1417
f 1009/3045/1417 1011/3046/1418 1005/3043/1405
f 1010/3047/1419 1011/3046/1420 1009/3045/1421
f 1005/3043/1405 1011/3048/1418 1006/3049/1404
f 731/3030/1010 994/3015/1398 1012/3040/1411
f 922/3050/1374 753/3051/1211 985/3052/1377
f 540/3053/757 993/3054/1244 814/3055/1023
f 1014/3044/1416 993/3056/1244 1009/3057/1417
f 1009/3057/1417 993/3056/1244 1011/3048/1418
f 1005/3043/1405 1004/3058/1406 993/3059/1244
f 993/3056/1244 1004/3060/1406 1011/3048/1418
f 1011/3048/1418 1004/3060/1406 1006/3049/1404
f 761/3061/1076 1021/3062/1410 1004/3063/1406
f 1005/3064/1405 1015/3065/1422 1014/3066/1416
f 1005/3064/1405 993/3067/1244 1015/3065/1422
f 1004/3058/1406 1015/3068/1422 1006/3069/1404
f 1006/3069/1404 1015/3068/1422 993/3070/1244
f 1021/3062/1410 996/3071/1384 1017/3072/1423
f 540/3073/757 1019/3074/1424 996/3071/1384
f 993/3075/1244 1014/3076/1416 1027/3077/1425
f 447/3078/624 749/3079/896 540/3080/757
f 1021/3062/1410 1017/3072/1423 1016/3081/1426
f 1021/3062/1410 1020/3082/1427 1019/3074/1424
f 1016/3081/1426 1020/3082/1427 1021/3062/1410
f 1016/3081/1428 1017/3083/1429 1020/3082/1430
f 1019/3074/1424 1016/3084/1431 996/3071/1384
f 996/3071/1384 1016/3084/1431 1017/3083/1423
f 1015/3065/1422 1004/3085/1406 1022/3086/1432
f 1020/3082/1427 1016/3084/1431 1019/3074/1424
f 1014/3087/1416 1015/3088/1422 1022/3089/1432
f 731/3030/1010 672/3090/1002 753/3091/1211
f 753/3051/1211 672/3092/1002 985/3052/1377
f 646/3093/906 1030/3094/1433 540/3095/757
f 540/3095/757 1018/3096/1434 1059/3097/1435
f 1024/3098/1436 1026/3099/1437 1025/3100/1438
f 993/3075/1244 1026/3099/1437 1024/3098/1436
f 993/3075/1244 1027/3101/1425 1026/3099/1437
f 1025/3102/1439 1151/3103/1440 1028/3104/1441
f 1025/3102/1442 1029/3105/1443 1028/3104/1444
f 1026/3106/1445 1029/3105/1443 1025/3102/1442
f 1029/3107/1443 1026/3108/1445 1028/3109/1444
f 1030/3110/1433 646/3003/906 1079/3111/1446
f 540/3095/757 1030/3094/1433 1051/3112/1447
f 1031/3113/1448 1041/3114/1449 1024/3115/1436
f 1031/3113/1448 1014/3116/1450 1042/3117/1451
f 1031/3113/1448 1024/3118/1436 1014/3116/1450
f 1042/3119/1451 1033/3120/1452 1032/3121/1453
f 1042/3122/1451 1034/3123/1454 1033/3120/1452
f 1014/3116/1450 1034/3124/1454 1042/3117/1451
f 1024/3098/1436 1027/3101/1425 1043/3125/1455
f 1035/3126/1456 1044/3127/1457 1032/3128/1458
f 1033/3120/1459 1035/3129/1456 1032/3121/1458
f 1033/3120/1459 1055/3130/1460 1035/3129/1456
f 1034/3123/1461 1055/3130/1460 1033/3120/1459
f 1024/3098/1436 1025/3131/1438 1027/3101/1425
f 1027/3101/1425 1025/3131/1438 1026/3108/1437
f 1025/3131/1462 1028/3109/1444 1026/3108/1445
f 1055/3130/1460 1014/3087/1416 1035/3129/1456
f 1035/3129/1456 1037/3132/1463 1036/3133/1464
f 1035/3134/1456 1036/3135/1464 1050/3136/1465
f 1035/3129/1456 1022/3137/1432 1037/3132/1463
f 1014/3087/1416 1022/3138/1432 1035/3129/1456
f 1037/3139/1466 1036/3140/1467 1152/3141/1468
f 1059/3142/1435 1019/3143/1424 540/3144/757
f 1042/3145/1451 1052/3146/1469 1038/3147/1470
f 1038/3148/1470 1039/3149/1471 1042/3117/1451
f 1038/3148/1472 1040/3150/1473 1039/3149/1474
f 1024/3115/1436 1040/3151/1473 1038/3152/1472
f 1024/3115/1436 1041/3114/1449 1040/3151/1473
f 1039/3149/1471 1031/3113/1448 1042/3117/1451
f 1040/3150/1475 1031/3113/1448 1039/3149/1471
f 1031/3113/1448 1040/3153/1475 1045/3154/1476
f 1031/3113/1448 1045/3154/1476 1043/3155/1455
f 1043/3155/1455 1041/3114/1449 1031/3113/1448
f 1035/3156/1456 1053/3157/1477 1042/3158/1451
f 1042/3159/1451 1044/3160/1457 1035/3161/1456
f 1043/3155/1455 1045/3154/1476 1014/3162/1450
f 1043/3155/1455 1014/3162/1450 1024/3163/1436
f 1042/3159/1451 1045/3164/1476 1044/3160/1457
f 1045/3164/1476 1033/3165/1478 1034/3166/1454
f 1045/3167/1476 1034/3168/1454 1014/3116/1450
f 1032/3169/1458 1044/3127/1457 1033/3170/1479
f 1032/3171/1453 1045/3164/1476 1042/3159/1451
f 1033/3170/1479 1044/3127/1457 1075/3172/1480
f 1033/3170/1479 1075/3172/1480 1034/3173/1461
f 1033/3165/1478 1045/3164/1476 1032/3171/1453
f 1034/3173/1461 1075/3172/1480 1055/3174/1460
f 1046/3175/1481 1048/3176/1482 1047/3177/1483
f 1046/3178/1484 1049/3179/1485 1048/3176/1486
f 1035/3180/1456 1049/3179/1485 1046/3178/1484
f 1035/3180/1456 1050/3181/1465 1049/3179/1485
f 1047/3182/1487 1004/3183/1406 1057/3184/1488
f 1048/3185/1489 1004/3183/1406 1047/3182/1487
f 1049/3179/1490 1004/3186/1406 1048/3176/1489
f 1050/3181/1465 1056/3187/1491 1049/3179/1485
f 1050/3136/1465 1036/3135/1464 1022/3188/1432
f 1022/3188/1432 1036/3135/1464 1037/3189/1463
f 1004/3186/1406 1049/3190/1490 1022/3191/1432
f 1059/3192/1435 1004/3183/1406 1021/3193/1410
f 1052/3194/1469 1042/3195/1451 1053/3157/1477
f 1053/3196/1477 1023/3197/1492 1052/3146/1469
f 1038/3147/1470 1052/3146/1469 1039/3198/1493
f 1038/3199/1472 1039/3200/1494 1023/3197/1492
f 1038/3199/1472 1023/3197/1492 1024/3201/1436
f 1023/3197/1492 1039/3200/1494 1040/3202/1473
f 1023/3197/1492 1040/3202/1473 1041/3203/1449
f 1039/3198/1493 1052/3146/1469 1040/3204/1475
f 1040/3204/1475 1052/3146/1469 1045/3205/1476
f 1054/3206/1495 1035/3180/1456 1056/3187/1491
f 1055/3174/1460 1045/3164/1476 1041/3207/1449
f 1041/3207/1449 1043/3208/1455 1055/3174/1460
f 1035/3156/1456 1054/3209/1495 1053/3157/1477
f 1053/3157/1477 1054/3209/1495 1044/3210/1457
f 1044/3210/1457 1054/3209/1495 1075/3211/1480
f 1044/3160/1457 1045/3164/1476 1053/3212/1477
f 1055/3174/1460 1027/3213/1425 1014/3214/1416
f 1043/3208/1455 1027/3213/1425 1055/3174/1460
f 1045/3164/1476 1055/3174/1460 1075/3172/1480
f 1046/3215/1484 1048/3216/1496 1056/3187/1491
f 1046/3215/1484 1056/3187/1491 1035/3180/1456
f 1056/3187/1491 1048/3216/1496 1049/3217/1485
f 1047/3218/1487 1022/3191/1432 1048/3216/1497
f 1047/3219/1487 1057/3220/1488 1022/3221/1432
f 1048/3216/1497 1022/3191/1432 1049/3217/1490
f 1050/3222/1465 1022/3221/1432 1056/3223/1491
f 1021/3193/1410 1058/3224/1498 1064/3225/1499
f 1058/3224/1500 1064/3225/1501 1065/3226/1502
f 1021/3193/1410 1065/3226/1503 1058/3224/1498
f 1021/3193/1410 1019/3227/1424 1065/3226/1503
f 1059/3192/1435 1058/3228/1504 1065/3226/1503
f 540/3229/757 1069/3230/1505 1068/3231/1506
f 1069/3232/1505 540/3095/757 1051/3112/1447
f 993/3233/1244 1024/3201/1436 1023/3234/1492
f 1023/3235/1492 1060/3236/1507 1073/3237/1508
f 1056/3187/1491 1081/3238/1509 1060/3239/1510
f 1060/3240/1510 1061/3241/1511 1056/3187/1491
f 1060/3242/1507 1053/3157/1477 1061/3243/1512
f 1023/3235/1492 1053/3157/1477 1060/3242/1507
f 1061/3241/1511 1054/3206/1495 1056/3187/1491
f 1053/3157/1477 1073/3244/1508 1061/3245/1512
f 1052/3146/1469 1082/3246/1513 1062/3247/1514
f 1062/3247/1514 1074/3248/1515 1052/3146/1469
f 1052/3146/1469 1074/3248/1515 1045/3205/1476
f 1045/3164/1476 1075/3172/1480 1053/3212/1477
f 1021/3193/1410 1064/3225/1499 1059/3192/1435
f 1058/3228/1504 1059/3192/1435 1064/3225/1499
f 1065/3226/1503 1019/3227/1424 1059/3192/1435
f 1066/3249/1516 1070/3250/1517 1067/3251/1518
f 1067/3251/1519 1070/3250/1520 1071/3252/1521
f 1066/3249/1516 1068/3231/1506 1069/3230/1505
f 1066/3249/1516 1069/3230/1505 1070/3250/1517
f 1051/3253/1447 1087/3254/1522 1069/3255/1505
f 1052/3146/1469 1023/3197/1492 1082/3246/1513
f 1060/3239/1510 1081/3238/1509 1061/3256/1511
f 1060/3257/1507 1061/3245/1512 1073/3244/1508
f 1082/3246/1523 1074/3248/1524 1062/3247/1525
f 1023/3197/1492 1041/3258/1449 1062/3259/1526
f 1061/3260/1511 1081/3238/1509 1054/3206/1495
f 1062/3259/1526 1045/3205/1476 1074/3248/1515
f 1062/3259/1526 1082/3261/1513 1023/3197/1492
f 1041/3258/1449 1045/3205/1476 1062/3259/1526
f 1054/3206/1495 1081/3238/1509 1075/3262/1480
f 1056/3263/1491 1084/3264/1527 1081/3265/1509
f 1056/3263/1491 1086/3266/1528 1084/3264/1527
f 1063/3267/1529 1057/3184/1488 1077/3268/1530
f 1077/3268/1531 1076/3269/1532 1078/3270/1533
f 1077/3268/1530 1057/3184/1488 1078/3270/1534
f 1057/3184/1488 1004/3183/1406 1078/3270/1534
f 1063/3267/1529 1022/3271/1432 1057/3184/1488
f 1080/3272/1535 1068/3231/1506 1066/3249/1516
f 1070/3273/1517 1080/3274/1535 1088/3275/1536
f 1070/3276/1517 1088/3277/1536 1067/3278/1518
f 1070/3273/1517 1069/3230/1505 1080/3274/1535
f 1067/3278/1518 1088/3277/1536 1066/3249/1516
f 749/3079/896 949/3279/1198 540/3080/757
f 1023/3280/1492 1059/3281/1435 1072/3282/1537
f 1023/3283/1492 1073/3284/1508 1081/3285/1509
f 1081/3238/1509 1073/3286/1508 1075/3262/1480
f 1081/3265/1509 1083/3287/1538 1089/3288/1539
f 1083/3287/1540 1090/3289/1541 1089/3288/1542
f 1053/3157/1477 1075/3211/1480 1073/3244/1508
f 1081/3265/1509 1090/3289/1543 1083/3287/1538
f 1084/3264/1544 1085/3290/1545 1086/3266/1546
f 1056/3263/1491 1063/3267/1529 1086/3291/1528
f 1077/3292/1530 1078/3293/1534 1004/3183/1406
f 1077/3292/1530 1004/3183/1406 1063/3267/1529
f 1056/3263/1491 1022/3271/1432 1063/3267/1529
f 1068/3294/1506 1091/3295/1547 540/3296/757
f 1023/3280/1492 1072/3282/1537 1079/3297/1446
f 1080/3274/1535 1087/3298/1522 1068/3299/1506
f 1080/3274/1535 1069/3230/1505 1087/3298/1522
f 1051/3253/1447 1079/3297/1446 1072/3282/1537
f 1051/3253/1447 1072/3282/1537 1087/3254/1522
f 1087/3254/1522 1072/3282/1537 540/3300/757
f 1081/3285/1509 1092/3301/1548 1059/3302/1435
f 1081/3265/1509 1093/3303/1549 1092/3304/1548
f 1089/3288/1539 1093/3303/1549 1081/3265/1509
f 1089/3288/1539 1094/3305/1550 1093/3303/1549
f 1083/3306/1551 1063/3267/1529 1094/3305/1550
f 1083/3306/1551 1094/3305/1550 1089/3288/1539
f 1090/3289/1543 1063/3267/1529 1083/3306/1551
f 1090/3289/1543 1081/3265/1509 1063/3267/1529
f 1063/3267/1529 1059/3307/1435 1093/3308/1552
f 1063/3267/1529 1093/3308/1552 1094/3305/1550
f 1081/3265/1509 1084/3309/1527 1063/3267/1529
f 1084/3309/1527 1086/3291/1528 1063/3267/1529
f 1023/3283/1492 646/3310/906 993/3311/1244
f 540/3296/757 1091/3295/1547 1087/3312/1522
f 1072/3313/1537 1059/3314/1435 1096/3315/1553
f 1093/3303/1554 1092/3304/1555 1094/3305/1556
f 1093/3308/1552 1059/3307/1435 1092/3304/1548
f 1063/3316/1529 1004/3317/1406 1059/3281/1435
f 1066/3318/1516 1088/3319/1536 1095/3320/1557
f 1066/3318/1516 1095/3320/1557 1080/3321/1535
f 1023/3322/1492 1079/3111/1446 646/3003/906
f 1072/3313/1537 1096/3315/1553 1018/3323/1434
f 1023/3283/1492 1081/3285/1509 1059/3302/1435
f 993/3324/1244 646/3325/906 814/3326/1023
f 1068/3327/1506 1087/3328/1522 1100/3329/1558
f 540/3330/757 1097/3331/1559 1018/3332/1434
f 1087/3328/1522 1091/3333/1547 1100/3329/1558
f 1079/3334/1446 1051/3335/1447 1104/3336/1560
f 1030/3337/1433 1104/3336/1560 1051/3335/1447
f 1079/3334/1446 1098/3338/1561 1030/3337/1433
f 1097/3331/1559 1072/3339/1537 1018/3332/1434
f 1002/3002/1403 1104/3340/1560 646/3003/906
f 1098/3338/1561 1104/3341/1560 1030/3337/1433
f 1068/3327/1506 1002/3342/1403 1091/3333/1547
f 1002/3342/1403 1100/3343/1558 1091/3333/1547
f 1018/3344/1434 1096/3345/1553 1099/3346/1562
f 1099/3346/1562 1059/3347/1435 1018/3344/1434
f 1002/3348/1403 1098/3338/1561 1079/3334/1446
f 1099/3346/1562 1008/3349/1408 1059/3347/1435
f 1059/3350/1435 1008/3351/1408 1096/3345/1553
f 1088/3319/1536 1080/3321/1535 1101/3352/1563
f 1079/3353/1446 1104/3354/1560 1002/3355/1403
f 1101/3352/1563 1080/3321/1535 1095/3356/1557
f 1008/3357/1408 1099/3358/1562 1002/3359/1403
f 540/3360/757 1099/3361/1562 1107/3362/1564
f 540/3363/757 1072/3364/1537 1099/3365/1562
f 1099/3366/1562 1072/3364/1537 1097/3367/1559
f 1088/3368/1536 1101/3369/1563 1002/3370/1403
f 1099/3358/1562 1100/3371/1558 1002/3372/1403
f 1099/3358/1562 1097/3373/1559 1100/3371/1558
f 1002/3370/1403 1102/3374/1565 1088/3368/1536
f 1088/3368/1536 1102/3374/1565 1095/3375/1557
f 1107/3362/1564 1097/3376/1559 540/3360/757
f 1101/3377/1563 1098/3378/1561 1002/3379/1403
f 1095/3375/1557 1102/3374/1565 1101/3380/1563
f 1101/3381/1563 1102/3382/1565 1098/3383/1561
f 1097/3384/1559 1107/3385/1564 1100/3386/1558
f 1104/3354/1560 1098/3387/1561 1102/3388/1565
f 1107/3385/1564 1103/3389/1566 1100/3386/1558
f 1068/3390/1506 1103/3391/1566 1002/3392/1403
f 1100/3393/1558 1103/3391/1566 1068/3390/1506
f 540/3394/757 949/3395/1198 1008/3357/1408
f 1002/3396/1403 1103/3389/1566 1105/3397/1567
f 1103/3389/1566 1107/3385/1564 1106/3398/1568
f 1105/3399/1567 1109/3400/1569 1002/3401/1403
f 1105/3402/1567 1106/3398/1568 1107/3385/1564
f 1109/3403/1569 1107/3404/1564 1114/3405/1570
f 1109/3406/1569 1105/3402/1567 1107/3385/1564
f 1105/3402/1567 1113/3407/1571 1106/3398/1568
f 1106/3398/1568 1113/3407/1571 1114/3408/1570
f 1110/3409/1572 1112/3410/1573 1111/3411/1574
f 1110/3409/1572 1099/3412/1562 1112/3410/1573
f 1111/3411/1575 1008/3413/1408 949/3414/1198
f 1112/3410/1576 1008/3413/1408 1111/3411/1575
f 1109/3415/1569 1113/3416/1571 1102/3417/1565
f 1109/3400/1569 1102/3382/1565 1002/3401/1403
f 1109/3418/1569 1114/3408/1570 1113/3407/1571
f 1110/3419/1572 1115/3420/1577 1099/3421/1562
f 1110/3419/1572 1096/3422/1553 1115/3420/1577
f 1115/3420/1577 1096/3422/1553 1117/3423/1578
f 1115/3420/1577 1118/3424/1579 1099/3421/1562
f 1099/3421/1562 1118/3424/1579 1107/3425/1564
f 1110/3409/1572 1111/3426/1574 1096/3427/1553
f 1096/3427/1553 1111/3426/1574 1112/3428/1573
f 1096/3429/1553 1112/3430/1573 1099/3421/1562
f 1111/3426/1575 949/3414/1198 1119/3431/1580
f 1111/3426/1575 1119/3431/1580 1112/3428/1576
f 1112/3432/1576 1119/3433/1580 1008/3434/1408
f 1113/3435/1571 1103/3389/1566 1102/3436/1565
f 1105/3397/1567 1103/3389/1566 1113/3435/1571
f 1103/3389/1566 1106/3398/1568 1114/3408/1570
f 1096/3422/1553 1114/3437/1570 1117/3423/1578
f 1117/3423/1581 1118/3424/1582 1115/3420/1583
f 1117/3423/1578 1114/3437/1570 1115/3438/1584
f 1115/3438/1584 1114/3437/1570 1118/3424/1579
f 1107/3425/1564 1118/3439/1579 1114/3437/1570
f 1096/3429/1553 1008/3434/1408 1119/3433/1580
f 1102/3436/1565 1103/3389/1566 1114/3408/1570
f 1119/3431/1580 646/3440/906 1104/3441/1560
f 1114/3405/1570 1096/3442/1553 1102/3443/1565
f 1102/3443/1565 1096/3442/1553 1119/3444/1580
f 1102/3443/1565 1119/3445/1580 1104/3446/1560
f 1122/3447/1585 1116/3448/1586 1108/3449/1587
f 1124/3450/1588 1120/3451/1589 1116/3452/1586
f 1122/3447/1585 1108/3449/1587 1120/3453/1589
f 1108/3454/1587 1121/3455/1590 1119/3456/1580
f 1122/3457/1585 949/3458/1198 1116/3459/1586
f 1116/3460/1586 949/3461/1198 1124/3462/1588
f 1116/3463/1586 1125/3464/1591 1108/3454/1587
f 1116/3463/1586 1120/3465/1589 1126/3466/1592
f 1108/3449/1587 1119/3467/1580 1123/3468/1593
f 1121/3455/1590 1129/3469/1594 1125/3464/1591
f 1108/3454/1587 1127/3470/1595 1121/3455/1590
f 1108/3454/1587 1125/3464/1591 1127/3470/1595
f 1127/3471/1596 1129/3469/1597 1128/3472/1598
f 1127/3471/1595 1129/3469/1594 1121/3455/1590
f 1127/3470/1595 1125/3464/1591 1129/3473/1594
f 1108/3449/1587 1130/3474/1599 1120/3453/1589
f 1122/3447/1585 1120/3453/1589 1124/3475/1588
f 1130/3476/1599 1126/3477/1592 1120/3478/1589
f 949/3479/1198 1122/3480/1585 1119/3481/1580
f 1131/3482/1600 1125/3464/1591 1116/3463/1586
f 1119/3481/1580 1122/3480/1585 1123/3483/1593
f 1131/3482/1600 1126/3466/1592 1108/3484/1587
f 1131/3482/1600 1116/3463/1586 1126/3466/1592
f 1108/3485/1587 1132/3486/1601 1131/3487/1600
f 1131/3487/1600 1132/3486/1601 1133/3488/1602
f 1130/3474/1599 1133/3489/1603 1132/3490/1604
f 1108/3449/1587 1133/3489/1603 1130/3474/1599
f 1108/3449/1587 1126/3491/1592 1133/3489/1603
f 1122/3492/1585 1130/3493/1599 1123/3494/1593
f 1108/3485/1587 1123/3495/1593 1132/3486/1601
f 1132/3486/1601 1123/3495/1593 1134/3496/1605
f 1132/3486/1606 1134/3496/1607 1133/3488/1608
f 1133/3488/1602 1134/3496/1609 1131/3487/1600
f 1132/3490/1604 1134/3497/1610 1130/3474/1599
f 1133/3489/1603 1126/3491/1592 1134/3497/1611
f 1123/3495/1593 1135/3498/1612 1134/3496/1605
f 1134/3496/1609 1135/3498/1613 1131/3487/1600
f 1131/3499/1600 1135/3500/1613 1136/3501/1614
f 1130/3474/1599 1135/3502/1612 1123/3503/1593
f 1134/3497/1610 1135/3502/1612 1130/3474/1599
f 1134/3497/1611 1126/3491/1592 1135/3502/1615
f 1125/3464/1591 1119/3456/1580 1121/3455/1590
f 1135/3500/1616 1137/3504/1617 1136/3501/1618
f 1136/3501/1614 1125/3505/1591 1131/3499/1600
f 1136/3501/1614 1130/3506/1599 1125/3505/1591
f 1126/3477/1592 1136/3507/1619 1135/3508/1615
f 1137/3504/1620 1130/3506/1599 1136/3501/1614
f 1137/3509/1620 1126/3477/1592 1130/3506/1599
f 1136/3507/1619 1126/3477/1592 1137/3509/1620
f 1119/3510/1580 1124/3511/1588 646/3512/906
f 1124/3513/1588 1130/3493/1599 1122/3492/1585
f 646/3514/906 1124/3515/1588 949/3516/1198
f 1125/3505/1591 1130/3506/1599 1119/3517/1580
f 1124/3513/1588 1119/3518/1580 1130/3493/1599
f 25/3519/1621 1138/47/1622 19/43/1623
f 1143/854/453 288/796/388 343/860/462
f 393/1170/531 1144/1172/618 447/1183/624
f 457/1202/645 454/1227/651 456/1200/646
l 254 262
l 72 74
l 150 156
l 424 425
l 104 103
l 963 964
l 247 265
l 353 354
l 465 466
l 510 511
l 242 243
l 263 264
l 370 377
l 29 30
l 132 133
l 296 303
l 83 84
l 161 168
l 248 249
l 345 347
l 434 435
l 313 314
l 504 506
l 978 979
l 98 112
l 127 128
l 308 315
l 720 727
